name,address,domain,website,phone_number,category,location,reviews_count,reviews_average,latitude,longitude,google_maps_url,image_url,image_path
SAAJ - The Decor Shop | Home Decor In Indore,"Above Ghar Aangan, 52, near Bengali Square, Shukh Shanti Nagar, Indore, Madhya Pradesh 452018",instagram.com,https://instagram.com,091092 46856,Home Decor,Indore,160.0,4.5,22.7171876,75.9121937,"https://www.google.com/maps/place/SAAJ+-+The+Decor+Shop+%7C+Home+Decor+In+Indore/@22.7171876,75.9121937,17z/data=!3m1!4b1!4m6!3m5!1s0x3962e3abe479ffa1:0x4b625b819721ac83!8m2!3d22.7171876!4d75.9121937!16s%2Fg%2F11s19ckq0z?authuser=0&hl=en&entry=ttu&g_ep=EgoyMDI2MDYyOS4wIKXMDSoASAFQAw%3D%3D",https://lh3.googleusercontent.com/gps-cs-s/APNQkAHuG8YqVe-NVFe-ZeNKpblz_2TCSWemjTU-KAKbFTaWxS1ZBs3h1LmZ7jpUQlewyDvwWTeafM7pNptaSYvBY8AJ_hpwkh34sb6evfvpZ69dS72fAulcAOWYGsVbBu7K8K7jAMKx=w1024-h768-k-no,
Shapes Home Decor And Furniture,"206-207, behind C21 Mall, Behind C21 Mall, Scheme 54 PU4, Indore, Madhya Pradesh 452010",instagram.com,https://instagram.com,,Home Decor,Indore,142.0,4.7,22.7442764,75.8955655,"https://www.google.com/maps/place/Shapes+Home+Decor+And+Furniture/@22.7442764,75.8955655,17z/data=!3m1!4b1!4m6!3m5!1s0x3962fd728f10ea2f:0x8d544d291c392831!8m2!3d22.7442764!4d75.8955655!16s%2Fg%2F11y9y61kv7?authuser=0&hl=en&entry=ttu&g_ep=EgoyMDI2MDYyOS4wIKXMDSoASAFQAw%3D%3D",https://lh3.googleusercontent.com/gps-cs-s/APNQkAEB5qJnaSMMcz57kiqcfXejAFylHrgTHPdcDKHzM6hW1fDUUAdonBq0kyLwldoOLDxDu_0EPx3DbdJXRlQvtsaSPzcOv9f2gXwAU38fW0jIuB2lT3owsVzUaaefZXck2Ryco_c4rfh6iDM=w1024-h768-k-no,
Shapes home (Old Armonia Home Decor Indore),"206-207, behind C21 Mall, Behind C21 Mall, Scheme 54 PU4, Indore, Madhya Pradesh 452010",instagram.com,https://instagram.com,094253 12342,Home Decor,Indore,30.0,5.0,22.7442764,75.8955655,"https://www.google.com/maps/place/Shapes+home+(Old+Armonia+Home+Decor+Indore)/@22.7442764,75.8955655,17z/data=!3m1!4b1!4m6!3m5!1s0x3962fd083fa0f949:0x55958679e1874a35!8m2!3d22.7442764!4d75.8955655!16s%2Fg%2F11wq9kf48q?authuser=0&hl=en&entry=ttu&g_ep=EgoyMDI2MDYyOS4wIKXMDSoASAFQAw%3D%3D",https://lh3.googleusercontent.com/gps-cs-s/APNQkAEEo-l9sLIh71DI5KFslctp2sFfIZLBQa8ZfIyUuhodn76xszDuzRh19PD41iwfnjLCUmyl3SRVE7W5zk8EKbNzCsPH5d-5M99I-Y9akR080lg3nTKIYGH935jAERG2CicglX3ROA=w1024-h768-k-no,
Shilp Decor,"SHOP NO. 101, SHREE ARCADE, 1-N, Kanadia Main Rd, Sanchar Nagar Ext, Sanchar Nagar Extension, Indore, Madhya Pradesh 452016",shilpdecor.in,https://shilpdecor.in,097531 35433,Home Decor,Indore,107.0,4.8,22.7231681,75.9181492,"https://www.google.com/maps/place/Shilp+Decor/@22.7231681,75.9181492,17z/data=!3m1!4b1!4m6!3m5!1s0x3962e2c15f494817:0xfb6e4c520a6e79a8!8m2!3d22.7231681!4d75.9181492!16s%2Fg%2F11f1zlkhtt?authuser=0&hl=en&entry=ttu&g_ep=EgoyMDI2MDYyOS4wIKXMDSoASAFQAw%3D%3D",https://lh3.googleusercontent.com/gps-cs-s/APNQkAEOtXwKns97EEU5AK48rp_gwDgzWSiYuYYdyq4otHJfbdNITd83UmxSQNa43d8hGEYEknin7LUgIb0RV3cs6nkUNixh3yEt8YTL1cnkM_oV7F5bRCuX5mkOim48vO0wiY64FMKL=w1024-h768-k-no,
Tirupati Home Decor - Best Home Decor Shop in Indore | Interior Decor Shop in Indore,"156, Dhar Rd, G N T Market, Scheme 71, Indore, Madhya Pradesh 452002",,,098269 54204,Home Decor,Indore,21.0,4.6,22.7104394,75.8348068,"https://www.google.com/maps/place/Tirupati+Home+Decor+-+Best+Home+Decor+Shop+in+Indore+%7C+Interior+Decor+Shop+in+Indore/@22.7104394,75.8348068,17z/data=!3m1!4b1!4m6!3m5!1s0x3962fd04ff0d12a3:0x588cd79a03924943!8m2!3d22.7104394!4d75.8348068!16s%2Fg%2F11w3_l5f9z?authuser=0&hl=en&entry=ttu&g_ep=EgoyMDI2MDYyOS4wIKXMDSoASAFQAw%3D%3D",https://lh3.googleusercontent.com/gps-cs-s/APNQkAFqOgTTUWrs9VWwdDrwsQ7eoPp0ZeptZS92L6KC6qN0-khjvwLKDdSWOufXbuBuMwDTbWyoo_wKZFnAvnzkqaxAsxMTCyr7pvkAq1D3AcK1eWTWCvjZK3idu-yvNkk_bXgU__rC=w1024-h768-k-no,
Home Stories - best crockery store in indore,"Shop 4, The Row Eight, opp. Grand Exotica, Bicholi Mardana, Indore, Madhya Pradesh 452016",,,099262 91999,Home Decor,Indore,195.0,4.8,22.7023709,75.9223608,"https://www.google.com/maps/place/Home+Stories+-+best+crockery+store+in+indore/@22.7023709,75.9223608,17z/data=!3m1!4b1!4m6!3m5!1s0x3962e320ea69b3b3:0xab05e5601feb2bbb!8m2!3d22.7023709!4d75.9223608!16s%2Fg%2F11s0t64gz_?authuser=0&hl=en&entry=ttu&g_ep=EgoyMDI2MDYyOS4wIKXMDSoASAFQAw%3D%3D",https://lh3.googleusercontent.com/gps-cs-s/APNQkAHVdRCPJQraA0S8iGO6yA9bHtZV0tXHzA54e9r9Nkg2qoi1HmGs1fulIDlQpOg5KK-zLCh27bX-DVL7aQYYG8YgexRH-KTCtgR49Z1W16ZZ84F1aaX8Jb2sNy8tWnEr2NZDEiA=w1024-h768-k-no,
Saify Home Decor - Best Interior Decor Showroom In Indore,"125 A, Dhar Rd, G N T Market, Gurunanak Timber Market, Indore, Madhya Pradesh 452002",instagram.com,https://instagram.com,,Home Decor,Indore,89.0,4.7,,,https://www.google.com/maps/place/Saify+Home+Decor+-+Best+Interior+Decor+Showroom+In+Indore/data=!4m7!3m6!1s0x3962fd3317f8008f:0xb474c7a37c168fcd!8m2!3d22.7113938!4d75.8347867!16s%2Fg%2F11tx96q7c9!19sChIJjwD4FzP9YjkRzY8WfKPHdLQ?authuser=0&hl=en&rclk=1,https://lh3.googleusercontent.com/gps-cs-s/APNQkAGpopkz26E3qC5balbUXkR_zjb2ZN1XQsNB7pKntGKm7dzL8zgBfMFUviVWolIGgkCSqkBCZNVXNGXnfgZAz9MGMrX5SCdab6bQXEZsG2K6jEnDGh9Fn2jccRsc3Zjd7CVPVyrBTggOnnCJ=w1024-h768-k-no,
Home Decor Indore,"379, Jawahar Marg, opp. Old IDA building, Siyaganj, Indore, Madhya Pradesh 452007",,,,Home Decor,Indore,1.0,5.0,22.7159507,75.8655199,"https://www.google.com/maps/place/Home+Decor+Indore/@22.7159507,75.8655199,17z/data=!3m1!4b1!4m6!3m5!1s0x3962fda147b9e7f1:0x7e3896d736a5b4cd!8m2!3d22.7159507!4d75.8655199!16s%2Fg%2F11yljrdmtk?authuser=0&hl=en&entry=ttu&g_ep=EgoyMDI2MDYyOS4wIKXMDSoASAFQAw%3D%3D",https://streetviewpixels-pa.googleapis.com/v1/thumbnail?panoid=SNRzfVaE9mWsWqauYqCaJw&cb_client=search.gws-prod.gps&w=408&h=240&yaw=16.384634&pitch=-1.4046686&thumbfov=100,
D'Decor Store - Indore,"Harmony Furnishing, Princes Business Skypark, near Portico, Scheme No 54, Indore, Madhya Pradesh 452010",ddecor.com,https://ddecor.com,0731 499 5994,Home Decor,Indore,50.0,4.5,,,https://www.google.com/maps/place/D%27Decor+Store+-+Indore/data=!4m7!3m6!1s0x3962fdeed62ea537:0x7f92f475fe4245f0!8m2!3d22.7458507!4d75.8930609!16s%2Fg%2F11gnt1q6mq!19sChIJN6Uu1u79YjkR8EVC_nX0kn8?authuser=0&hl=en&rclk=1,https://lh3.googleusercontent.com/gps-cs-s/APNQkAEGlho82bQhFyLBkEjW1YSWG0NOeb15DozQgHvQIuJwUmCSp5BLV7GbGar7na4VuSVDOXt58ANxXuHmWsPhXlsPmVXT5t6FV_1gmy1-GaoKWgQpJUTgNHxFWca2fuLrae4vouNcQ0o5l1CV=w1024-h768-k-no,
Mayra Decor And Interiors,"Ground Floor, Plot No. 41, behind C21 Mall, Scheme 54 PU4, Indore, Madhya Pradesh 452010",mayrahomes.co.in,https://mayrahomes.co.in,092380 77121,Home Decor,Indore,53.0,4.8,22.7448342,75.8973474,"https://www.google.com/maps/place/Mayra+Decor+And+Interiors/@22.7448342,75.8973474,17z/data=!3m1!4b1!4m6!3m5!1s0x3962fd00213a5c5b:0x5b50e83377c458dc!8m2!3d22.7448342!4d75.8973474!16s%2Fg%2F11lclncfrr?authuser=0&hl=en&entry=ttu&g_ep=EgoyMDI2MDYyOS4wIKXMDSoASAFQAw%3D%3D",https://lh3.googleusercontent.com/gps-cs-s/APNQkAFw7IDk__9EjMz4NfwmuWOOx56gvX5Ba_xN2HdiqRpTXSU_IuOthWKCt6TmfkyZqGLpIk8AFyiCCP0-KPUIojpdmrGcOf2oDIp3mhlv3I0O-1s1hwjWd0015iqAS6cd38nuv3BBe-rBnYcJ=w1024-h768-k-no,
SR Home Decor,"136, Jawahar Marg, North Rajmohalla, Bombay Bazar, Indore, Madhya Pradesh 452002",,,098260 90507,Home Decor,Indore,29.0,4.1,,,https://www.google.com/maps/place/SR+Home+Decor/data=!4m7!3m6!1s0x3962fdad9d6783cd:0xf5147fbc6e3550a!8m2!3d22.7158252!4d75.8520794!16s%2Fg%2F11v6ch7qq3!19sChIJzYNnna39YjkRClXjxvtHUQ8?authuser=0&hl=en&rclk=1,https://lh3.googleusercontent.com/gps-cs-s/APNQkAE8wgOH9lDaDIwijb8fFkW-wkMXcv3t76FmXAJDhzaW7TU_IRZ1F4EZL1kruz54ctJ0GfG5Ct9ZWaIR-nVZXyybUUdivqyQXB4Y5x9gjRz1hAX5M7MRgZ7HMt7tTI2SWm5K0lmL=w1024-h768-k-no,
Home Centre|Furniture Store - Phoenix Citadel Mall,"F36 & 37, 1st Flr, Phoenix Citadel Mall, Khajrana, Indore, Madhya Pradesh 452016",stores.homecentre.in,https://stores.homecentre.in,1800 212 7500,Home Decor,Indore,927.0,4.8,,,https://www.google.com/maps/place/Home+Centre%7CFurniture+Store+-+Phoenix+Citadel+Mall/data=!4m7!3m6!1s0x3962e3634558f8f1:0xb966bce201a8e159!8m2!3d22.7458382!4d75.935376!16s%2Fg%2F11tmfxyhj9!19sChIJ8fhYRWPjYjkRWeGoAeK8Zrk?authuser=0&hl=en&rclk=1,https://lh3.googleusercontent.com/gps-cs-s/APNQkAH7rnKux3BCmFvQQkc-GXUeoF2dtu9qhjNvJXvM4on5pdMf9v-4ZSTbbL_r-g65WUk0TXedGVoQvA2q5RtjcBYWk_SW20R2oB3ZMFYTtSzDRmDh08hOJat_XVMtygzg04-yfBovWZEq8TyY=w1024-h768-k-no,
Elite Home Decor,"828, Khatiwala Tank Main Rd, Holani Commerce, Saifee Nagar, Indore, Madhya Pradesh 452014",,,092945 70307,Home Decor,Indore,14.0,4.6,,,https://www.google.com/maps/place/Elite+Home+Decor/data=!4m7!3m6!1s0x3962fdaf07af01b9:0x4bd8df529b650392!8m2!3d22.6974961!4d75.8638244!16s%2Fg%2F11v9ksyg1n!19sChIJuQGvB6_9YjkRkgNlm1Lf2Es?authuser=0&hl=en&rclk=1,https://lh3.googleusercontent.com/gps-cs-s/APNQkAH-FHjRKw0SA-vKeJg3jc--EoBIksXpSIYozZHclgNPtrxVcCt7VIJvUYGCv_t60_PK0ulmiSlFYT3-34R3rL1Kxbua_ZApAIGNyrAGuIoOeVe4kUDChncETVdJ1irOQHhMmA4q=w1024-h768-k-no,
Decoratti – Complete Home Furnishings & Decor,"339, PU-4, Scheme No. 54, behind Indian Oil Petrol Pump, Vijay Nagar, Indore, Madhya Pradesh 452010",decoratti.in,https://decoratti.in,070005 74847,Home Decor,Indore,56.0,4.7,,,https://www.google.com/maps/place/Decoratti+%E2%80%93+Complete+Home+Furnishings+%26+Decor/data=!4m7!3m6!1s0x3962fd8b8babae89:0x464d334b80bb59b0!8m2!3d22.7481065!4d75.8957977!16s%2Fg%2F11jwfwt8tc!19sChIJia6ri4v9YjkRsFm7gEszTUY?authuser=0&hl=en&rclk=1,https://lh3.googleusercontent.com/gps-cs-s/APNQkAGeVPCMdxY7-5rLlWuE0PN-nCzZ8Z2GreX7l2W-ugMWuGOJs_MMclQIpgR0OYW0MVpdW5Zg9SA6djP9fFvcHsYM_G2vUY1ThgRiw3MBbsVTBwfrC98c5OGptula8Bi37oOpiNZDAA=w1024-h768-k-no,
Pure Home + Living,"Unit No. F-38 & 39, First Floor Survey No 28/1/1, Mumbai Agra, Bypass, Khajrana, Indore, Madhya Pradesh 452016",purehomeandliving.com,https://purehomeandliving.com,,Home Decor,Indore,4051.0,4.9,,,https://www.google.com/maps/place/Pure+Home+%2B+Living/data=!4m7!3m6!1s0x3962e325ee7aa6a9:0x5aa4514db5071730!8m2!3d22.7460583!4d75.9358024!16s%2Fg%2F11v19g8tx8!19sChIJqaZ67iXjYjkRMBcHtU1RpFo?authuser=0&hl=en&rclk=1,https://lh3.googleusercontent.com/a-/ALV-UjVm5Ms84B3DCUsgexrmg1Wl6AiNB3az8wJwW-RBeNshsskUl40=w1024-h768-p-rp-mo-ba12-br100,
Dream Home Decor Wallpaper,"5 Bangali colony, Kanadia Main Rd, near Ambika restaurant, Bangali square, Indore, Madhya Pradesh 452018",,,,Home Decor,Indore,87.0,4.9,22.7200268,75.9049067,"https://www.google.com/maps/place/Dream+Home+Decor+Wallpaper/@22.7200268,75.9049067,17z/data=!3m1!4b1!4m6!3m5!1s0x3962e3a7ba22cfe3:0xadb3ae6317db337c!8m2!3d22.7200268!4d75.9049067!16s%2Fg%2F11sx3rw9s3?authuser=0&hl=en&entry=ttu&g_ep=EgoyMDI2MDYyOS4wIKXMDSoASAFQAw%3D%3D",https://lh3.googleusercontent.com/gps-cs-s/APNQkAENLgnFmIJ39i_PLlkckb-p2L-KixgFanAOIzQZOMQjEFTtliIAVPPLGeQdi11BLXx1VgGXNGsDwKwV9XnoOnV9Xujh9eSKv5E_VZWBpaWk96UyK5nNE6C-0raZQ4DFGpKV8L9S=w1024-h768-k-no,
Kalakriti - The Art Studio | Home decor shop Indore| Gift Shop near me| Home Interior shop| Gift Items,"40 Ravindra Nagar, near Gayatri Mandir Bank Of Baroda lane, Old Palasia, Indore, Madhya Pradesh 452018",catalog.to,https://catalog.to,098269 14336,Home Decor,Indore,31.0,4.8,,,https://www.google.com/maps/place/Kalakriti+-+The+Art+Studio+%7C+Home+decor+shop+Indore%7C+Gift+Shop+near+me%7C+Home+Interior+shop%7C+Gift+Items/data=!4m7!3m6!1s0x3962fd7dd9540277:0xd51121e97a649c1e!8m2!3d22.7218292!4d75.8931838!16s%2Fg%2F11qgydtfrg!19sChIJdwJU2X39YjkRHpxkeukhEdU?authuser=0&hl=en&rclk=1,https://lh3.googleusercontent.com/gps-cs-s/APNQkAFaMW5NeYt056kB7oZFGTXr-QE3z8Cg9b_slbF6npie1GnHH9qiw5EVfmVbDN23x0s_NeU4bPPIO37cNAFSXukuGUpGfc-eFXIaICURozYg12W6SZ8Jk3oIcmYiWTgzfCkv8xSHIepVa1s=w1024-h768-k-no,
Classic Decor,"LG 8-9, DM Tower, Janjeerwala Square, below Standard Chartered Bank, Janjeerwala Chouraha, New Palasia, Indore, Madhya Pradesh 452001",,,0731 404 6205,Home Decor,Indore,67.0,4.8,22.7259599,75.8823071,"https://www.google.com/maps/place/Classic+Decor/@22.7259599,75.8823071,17z/data=!3m1!4b1!4m6!3m5!1s0x3962fd46c5555555:0xdf9cc6bcc1ee0dc6!8m2!3d22.7259599!4d75.8823071!16s%2Fg%2F1tgckp_m?authuser=0&hl=en&entry=ttu&g_ep=EgoyMDI2MDYyOS4wIKXMDSoASAFQAw%3D%3D",https://lh3.googleusercontent.com/gps-cs-s/APNQkAFl8x4JK80QGrO0IROEibroTgqmGMW9C8yAk4qzNLqmFoHiyaW1P0gSoXws_qZaQNbo-6p9RzP8Ttlvd8q-yAVZ6lq68M0MupJaRyVrRWTcsGFoehRS4cy3CcTJyEb96i2SXpP6=w1024-h768-k-no,
A to Z Home Decor and Home Solutions | Interior Designer | Home Designer in Indore,"78/2, Baba Mansa Nagar, Baba Farid Nagar, Khajrana, Indore, Madhya Pradesh 452016",atozhomedecors.com,https://atozhomedecors.com,081094 00689,Home Decor,Indore,23.0,5.0,22.7386171,75.9128035,"https://www.google.com/maps/place/A+to+Z+Home+Decor+and+Home+Solutions+%7C+Interior+Designer+%7C+Home+Designer+in+Indore/@22.7386171,75.9128035,17z/data=!3m1!4b1!4m6!3m5!1s0x3962fd6d59dc73f1:0xf4481480d01011e!8m2!3d22.7386171!4d75.9128035!16s%2Fg%2F11xp6vy32y?authuser=0&hl=en&entry=ttu&g_ep=EgoyMDI2MDYyOS4wIKXMDSoASAFQAw%3D%3D",https://lh3.googleusercontent.com/gps-cs-s/APNQkAHrHW1IFWMbuwsyOxPhssFhjf70CNC-WUlPeqHvpbgff4v9G8b9Pa1pScmRA-RVyLmW1YQ7FhXEoIdIcOv3ngoHIs7C1Sfba-wPufkA8doV2AYh8aqp0W9eeVEnz6hdauB2JcSURYJDXHs=w1024-h768-k-no,
Grandeur Homes- Furniture Store in Indore,"11/6, Meera Path, Dhenu Market, Indore, Madhya Pradesh 452001",grandeur-homes.com,https://grandeur-homes.com,,Home Decor,Indore,20.0,5.0,22.7215684,75.8702998,"https://www.google.com/maps/place/Grandeur+Homes-+Furniture+Store+in+Indore/@22.7215684,75.8702998,17z/data=!3m1!4b1!4m6!3m5!1s0x3962fde286e252e3:0x1912cd8d0205c98e!8m2!3d22.7215684!4d75.8702998!16s%2Fg%2F11yts7zh8s?authuser=0&hl=en&entry=ttu&g_ep=EgoyMDI2MDYyOS4wIKXMDSoASAFQAw%3D%3D",https://lh3.googleusercontent.com/gps-cs-s/APNQkAE2VwKwFDo4U3wWp7xN_bh3X1C687FMuIzzaEb_Q9KlFd_qj0nKGPJy1-CZCQk55RLrek01ZdHa52rNuxFai71m_yM2x1z9Lm4OBG4F0z9iVieBrT3z5MIB8EsnObHjKCoQ4gTwUFHOp9c=w1024-h768-k-no,
Unique home decor,"40 mahawar nagar(rewanyu nagar, Annapurna Rd, near MRF tyre showroom, Indore, Madhya Pradesh 452009",uhdindore.com,https://uhdindore.com,098265 39572,Home Decor,Indore,2.0,3.5,,,https://www.google.com/maps/place/Unique+home+decor/data=!4m7!3m6!1s0x3962fda9212a37c1:0x2b4b874ed2b0ecd7!8m2!3d22.6990056!4d75.8406036!16s%2Fg%2F11glw3j89k!19sChIJwTcqIan9YjkR1-yw0k6HSys?authuser=0&hl=en&rclk=1,https://lh3.googleusercontent.com/gps-cs-s/APNQkAGS06uY5vmOAznCLbzNmaBozXiEPMw2RlextzeH3RewDX-6LQLVFTMLmKOyXc05G_TwPfJqstkTkSwlcznFqx2OlBVQrlwgzuD60rNsCw3LSBuH7A9rMCLbjnmbKC2IKgCl8aK-=w1024-h768-k-no,
Shree Nakoda Discount Gallery,"Bangali Square, 2 Fa Scheme No 94 Ring Road, Service Rd, Pipliyahana Square, Before, Indore, Madhya Pradesh 452016",citybazaronline.com,https://citybazaronline.com,083700 13277,Home Decor,Indore,162.0,3.7,22.7133727,75.9061505,"https://www.google.com/maps/place/Shree+Nakoda+Discount+Gallery/@22.7133727,75.9061505,17z/data=!3m1!4b1!4m6!3m5!1s0x39631d51fc2dca3d:0xd1e1f1232455f797!8m2!3d22.7133727!4d75.9061505!16s%2Fg%2F11v61mjs81?authuser=0&hl=en&entry=ttu&g_ep=EgoyMDI2MDYyOS4wIKXMDSoASAFQAw%3D%3D",https://lh3.googleusercontent.com/gps-cs-s/APNQkAE5rzP7jD8m9NjWubatIPmHA_CG3hxAKIBLTG9ku8y-2FEsa9wXLU2rlvmNHggfh7oj_YZQC2ZLZJO0Y1JoHq6yP6_eITayIkU0qrqwp9A6Gi75M9vwWn2PXzdv6vxMu0E9JsPG0LUZWUM=w1024-h768-k-no,
Paras home decor,"216, Dhar Rd, opp. Kustur talkies, Labriya Bheru, Gurunanak Timber Market, Indore, Madhya Pradesh 452002",,,095896 94447,Home Decor,Indore,25.0,4.8,22.7119123,75.8363705,"https://www.google.com/maps/place/Paras+home+decor/@22.7119123,75.8363705,17z/data=!3m1!4b1!4m6!3m5!1s0x3962fd9dbb29c4f3:0xc684682f7c07762b!8m2!3d22.7119123!4d75.8363705!16s%2Fg%2F11kfbszz_7?authuser=0&hl=en&entry=ttu&g_ep=EgoyMDI2MDYyOS4wIKXMDSoASAFQAw%3D%3D",https://lh3.googleusercontent.com/gps-cs-s/APNQkAG1fe3laP-tIvocu76elbsuXw3mUKtEIgX7JTBX1UI_YwMc7L4ASXOS4qbAPP-OFG1ood3MRPcq5nGmlX1gI67XK6ZvO7AzJNB0EOkHrSY2Zq88JSXHxSf0eNjCT0QV6DPNjc_S=w1024-h768-k-no,
Parchhai Art & Architecture Studio | Interior Design near me | Indore,"Sterling Arcade, 314, Race Course Rd, Near Janjeerwala Square, Race Course Road, Indore, Madhya Pradesh 452003",theparchhai.com,https://theparchhai.com,088198 66889,Home Decor,Indore,131.0,4.9,22.7261202,75.8788859,"https://www.google.com/maps/place/Parchhai+Art+%26+Architecture+Studio+%7C+Interior+Design+near+me+%7C+Indore/@22.7261202,75.8788859,17z/data=!3m1!4b1!4m6!3m5!1s0x3962fd1e9ee5f773:0xa24a1536b52b08cd!8m2!3d22.7261202!4d75.8788859!16s%2Fg%2F11flx4k6gv?authuser=0&hl=en&entry=ttu&g_ep=EgoyMDI2MDYyOS4wIKXMDSoASAFQAw%3D%3D",https://lh3.googleusercontent.com/gps-cs-s/APNQkAGSvM4lfoZkLSBuJYnDoOqlca-Ql_jnHCzf5XSNMMXg8Sq_GmXeNPYves8uRmX1YvWdXatn2oT1uy7juCbPse1vv4la7dpuJ_O12gInuTe0cSTzppugiM7LXsiPgZS8azd2mJT8rNj-IiY3=w1024-h768-k-no,
Status Home Decor & Gift,"B.C.M. Square, Tulsi Nagar, Nipania, Indore, Madhya Pradesh 452010",,,,Home Decor,Indore,36.0,5.0,22.7523734,75.9217157,"https://www.google.com/maps/place/Status+Home+Decor+%26+Gift/@22.7523734,75.9217157,17z/data=!3m1!4b1!4m6!3m5!1s0x3962fdf325baa793:0x152865ae93ffa7ff!8m2!3d22.7523734!4d75.9217157!16s%2Fg%2F11pyt9y66t?authuser=0&hl=en&entry=ttu&g_ep=EgoyMDI2MDYyOS4wIKXMDSoASAFQAw%3D%3D",https://lh3.googleusercontent.com/gps-cs-s/APNQkAGPe0D5_db8de7DFXMHfTzIonWg2C8cRFrvq4_C4-u5PnMZvzXeqvOl21Mzp5LXKAItznegBTZF_YkiDktiJafteMzARjLywzbxSNqFmIlVIEzt1I5fhzujohXuJBBT3IY7bHlm=w1024-h768-k-no,
Saify Home Decor : Warehouse,"Jawahar Marg, Labriya Bheru, Indira Colony, Indore, Madhya Pradesh 452002",,,,Home Decor,Indore,4.0,5.0,22.7144852,75.8362368,"https://www.google.com/maps/place/Saify+Home+Decor+:+Warehouse/@22.7144852,75.8362368,17z/data=!3m1!4b1!4m6!3m5!1s0x3962fddb051e5d43:0xdfb0a00243d895f3!8m2!3d22.7144852!4d75.8362368!16s%2Fg%2F11z1gl7lrz?authuser=0&hl=en&entry=ttu&g_ep=EgoyMDI2MDYyOS4wIKXMDSoASAFQAw%3D%3D",https://lh3.googleusercontent.com/gps-cs-s/APNQkAHJX02saGggPGP6h6Z6G5pz8tTN9e0VYf655n3WtjEf3oxDAzzLOJDLjpxbteRHaIGGx7st9fk5dAbVjDhvvA-_QVNAudBSr2ZmHrCgCBasw_YlDCjT6TNJxMRyTQKkG_0KmdJx8SToHBkm=w1024-h768-k-no,
Evokhomes Furniture and Home Décor,"Third floor, 11, Mahatma Gandhi Rd,TI Mall, South Tukoganj, Indore, Madhya Pradesh 452001",,,0731 422 2882,Home Decor,Indore,120.0,4.6,,,https://www.google.com/maps/place/Evokhomes+Furniture+and+Home+D%C3%A9cor/data=!4m7!3m6!1s0x3962fd68f47e00f9:0x40591c1b50927e8c!8m2!3d22.7208973!4d75.878593!16s%2Fg%2F11q83yf_f6!19sChIJ-QB-9Gj9YjkRjH6SUBscWUA?authuser=0&hl=en&rclk=1,https://lh3.googleusercontent.com/gps-cs-s/APNQkAGqPaTWG1KLTjTmBzbuUo-gYvd94buuWjZCPshZnYGCoSwyUfhfBufCK3sq0qIVruBQjLjzzcsbrx6ELEZ3VTx-4ODK-9zExWc-AAv0Ueo1_R-cMzuC0j79MTJwTh23GDf0LMD1jjWIJD5O=w1024-h768-k-no,
Maatoshree Home Decor & Interiors,"50 Mahownaka, Biyabani Main Rd, opposite to Chatripura thana, Mahu Naka, Biyabani, Indore, Madhya Pradesh 452007",instagram.com,https://instagram.com,082260 37895,Home Decor,Indore,1.0,5.0,22.7103331,75.8462292,"https://www.google.com/maps/place/Maatoshree+Home+Decor+%26+Interiors/@22.7103331,75.8462292,17z/data=!3m1!4b1!4m6!3m5!1s0x3962fdfdd5f875b1:0xa5f8c296a662735b!8m2!3d22.7103331!4d75.8462292!16s%2Fg%2F11njwl6z_z?authuser=0&hl=en&entry=ttu&g_ep=EgoyMDI2MDYyOS4wIKXMDSoASAFQAw%3D%3D",https://lh3.googleusercontent.com/gps-cs-s/APNQkAFHCWAxQhR3PCCfjKowzdt8zH1218krYhwxB50SyBznRo0wj8OAgW4qDQ86RituMXllPlWBQWGNpvoZPnYaUwzk86ExLKYDbe3HRzwuTSpEvRnvL6SD7Z2W3iwqvukwKU3VZBijbjmbMxzX=w1024-h768-k-no,
COLOR DREAMS - Interior design and interior architectural Services Indore,"Manas Mayfair, 305, opp. Nath Mandir Road, South Tukoganj, Indore, Madhya Pradesh 452001",colordreams.co,https://colordreams.co,,Home Decor,Indore,89.0,4.0,22.7192445,75.8767374,"https://www.google.com/maps/place/COLOR+DREAMS+-+Interior+design+and+interior+architectural+Services+Indore/@22.7192445,75.8767374,17z/data=!3m1!4b1!4m6!3m5!1s0x3962fcd93eec0303:0x250cfea7906bc5c8!8m2!3d22.7192445!4d75.8767374!16s%2Fg%2F11bwf7k4v5?authuser=0&hl=en&entry=ttu&g_ep=EgoyMDI2MDYyOS4wIKXMDSoASAFQAw%3D%3D",https://lh3.googleusercontent.com/gps-cs-s/APNQkAHabySSk2jsUaup3aeQHV2Hr_uo7cWVTA8qRK5HFlH52glzDloSmyxeoLtQsWlILLH7uMcxay9JCoCHuZXW1PATtrMAIl6k5sI9o87HhpSBesoDVJx_gdrMehCAwKz5qqdbpxvHAw=w1024-h768-k-no,
YASH INTERIOR,"Shop no 3 , 318 mahalaxmi nags, MR 5 , Nariman point, Road, Indore, Madhya Pradesh 452010",yash-interior.odoo.com,https://yash-interior.odoo.com,094066 66400,Home Decor,Indore,43.0,4.8,22.7619497,75.9121261,"https://www.google.com/maps/place/YASH+INTERIOR/@22.7619497,75.9121261,17z/data=!3m1!4b1!4m6!3m5!1s0x39631d6a5e4533f3:0xfa4cbb917ce58dba!8m2!3d22.7619497!4d75.9121261!16s%2Fg%2F11fjh0dwgd?authuser=0&hl=en&entry=ttu&g_ep=EgoyMDI2MDYyOS4wIKXMDSoASAFQAw%3D%3D",https://lh3.googleusercontent.com/gps-cs-s/APNQkAGmvNooSAJQ8rRzLRLxHtE76Pa-P36iQeAEhTu5_e-BSLQfHfOKiSeLgMAmc6CbtZus_zFQErh17-aEHbV2iFBejd5ZQtQE75-hv_ILspubt4JjLFFX3Uik5dYBTg7s6y-WUVVM6spmJDXO=w1024-h768-k-no,
RAJAL HOME FURNISHING,"RAJAL HOME FURNISHING, 248, Usha Nagar, Indore, Madhya Pradesh 452009",,,093026 02607,Home Decor,Indore,78.0,4.2,22.7002316,75.8368426,"https://www.google.com/maps/place/RAJAL+HOME+FURNISHING/@22.7002316,75.8368426,17z/data=!3m1!4b1!4m6!3m5!1s0x3962fdb36f3bc599:0x399ce24cfc995bf7!8m2!3d22.7002316!4d75.8368426!16s%2Fg%2F11c7t6d8b3?authuser=0&hl=en&entry=ttu&g_ep=EgoyMDI2MDYyOS4wIKXMDSoASAFQAw%3D%3D",https://lh3.googleusercontent.com/gps-cs-s/APNQkAHebDgVlDWPOYobmYERLs3uqZ2ChXQPBqmHKWljla4CF98rmYataLbH-EobsMWp5J9cNnD5bJu3Jgrhzx4iL4OR4Eaeld66PIhUMdgezFKZzE7qIQBWqH78ClVW9on_7CjY72Nv=w1024-h768-k-no,
Noor Home Decor,"M-108, MEZZANINE FLOOR, YASHWANT PLAZA, Opp Railway Station, Chhoti Gwaltoli, Indore, Madhya Pradesh 452001",,,091116 66301,Home Decor,Indore,16.0,4.4,,,https://www.google.com/maps/place/Noor+Home+Decor/data=!4m7!3m6!1s0x3962fcd8fcc3cef1:0x9908e4ccb2b2faac!8m2!3d22.7188829!4d75.8694062!16s%2Fg%2F11clvt93sx!19sChIJ8c7D_Nj8YjkRrPqysszkCJk?authuser=0&hl=en&rclk=1,https://lh3.googleusercontent.com/gps-cs-s/APNQkAHKcYpZFUUKu2B_yoR312FkY8_I7M8L_4I7MZ68T5AQHqbUdXyXyxA4TQ1j0Ee7Xyt3-uUwylMWuBkHr16XQAk_AUIjYhAJ1h02dBTqzygmDBojD225YLRNF0CuvBVJROiukfs2=w1024-h768-k-no,
Galaxy Decor - Decorative Laminates | Plywood Dealer | Home Decor | Furniture Hardware,"Snehnagar, Indore, Madhya Pradesh 452001",instagram.com,https://instagram.com,099936 07715,Home Decor,Indore,14.0,5.0,,,https://www.google.com/maps/place/Galaxy+Decor+-+Decorative+Laminates+%7C+Plywood+Dealer+%7C+Home+Decor+%7C+Furniture+Hardware/data=!4m7!3m6!1s0x3962fd0078deadd1:0x444bf95e8ca6c220!8m2!3d22.7030187!4d75.8709997!16s%2Fg%2F11w202kwmr!19sChIJ0a3eeAD9YjkRIMKmjF75S0Q?authuser=0&hl=en&rclk=1,https://lh3.googleusercontent.com/gps-cs-s/APNQkAHFscWG-IEk8BsqAMKDC6R9mGGtmmAffFUmjh6OW5Sut6oi2RwEbo8FGtt2Ew_LbLgb1FXvsgzvOX-EUSYYPRVWpvdcersQ9ePvd5-l9zoqUFAFt46s9x-N_DwOdMD4A0RKX7aBBd5f2IBy=w1024-h768-k-no,
Design Decor 3,"Bansi Trade Centre, Mahatma Gandhi Rd, BTC, Race Course Road, Indore, Madhya Pradesh 452003",,,,Home Decor,Indore,18.0,4.9,22.7237269,75.8818472,"https://www.google.com/maps/place/Design+Decor+3/@22.7237269,75.8818472,17z/data=!3m1!4b1!4m6!3m5!1s0x3962fdbb404a94fd:0x466c1e0f33fb7166!8m2!3d22.7237269!4d75.8818472!16s%2Fg%2F11mztltgk2?authuser=0&hl=en&entry=ttu&g_ep=EgoyMDI2MDYyOS4wIKXMDSoASAFQAw%3D%3D",https://lh3.googleusercontent.com/gps-cs-s/APNQkAGLfDk_2mJUNWwzKXBsQbr4LJg9pyLWbDvrMUN_ZMcT_5XmMy2T77MkMjLi2wb_5wpklD7tinc1XOI7T0PEPceBtnkGRNBh3ZviK0ElRGzZ1bhysgY-ZvppDCguKFowqjwhNOP0EUz6HxT7=w1024-h768-k-no,
Beleza Furnishings,"G1 Blue Diamond, Near, Janjeerwala Square, RS Bhandari Marg, Diamond Colony, Indore, Madhya Pradesh 452003",beleza.in,https://beleza.in,0731 253 3941,Home Decor,Indore,164.0,4.6,22.7248255,75.8819798,"https://www.google.com/maps/place/Beleza+Furnishings/@22.7248255,75.8819798,17z/data=!3m1!4b1!4m6!3m5!1s0x3962fd6d5c629411:0x5ae2084e66fe5bc5!8m2!3d22.7248255!4d75.8819798!16s%2Fg%2F1td1btyl?authuser=0&hl=en&entry=ttu&g_ep=EgoyMDI2MDYyOS4wIKXMDSoASAFQAw%3D%3D",https://lh3.googleusercontent.com/gps-cs-s/APNQkAGGLzMX54sSdVRE1KW-Pvdlr4OtFyN64yIeJus1roN9H2hI_az0i_0-wbpsPPPY_s0IleHIl2RY0rhVrpzFvhYVKzzYcQFniO44cZdApnCuNUZZpgYPL2Mkxfq-tuGoy9gyFIXe=w1024-h768-k-no,
Bhavya Interiors | blind curtain indore | Wallpaper in INDORE | Flooring | Carpet Tiles,"G-25, 7, Ahinsa Tower, Mahatma Gandhi Rd, Near Indraprastha Tower, Old Palasia, Indore, Madhya Pradesh 452001",,,,Home Decor,Indore,20.0,4.6,22.7223999,75.8818131,"https://www.google.com/maps/place/Bhavya+Interiors+%7C+blind+curtain+indore+%7C+Wallpaper+in+INDORE+%7C+Flooring+%7C+Carpet+Tiles/@22.7223999,75.8818131,17z/data=!3m1!4b1!4m6!3m5!1s0x3962fd3ed7509027:0xd664d45a7af6c90d!8m2!3d22.7223999!4d75.8818131!16s%2Fg%2F11bbt32f38?authuser=0&hl=en&entry=ttu&g_ep=EgoyMDI2MDYyOS4wIKXMDSoASAFQAw%3D%3D",https://lh3.googleusercontent.com/gps-cs-s/APNQkAEJf7kUXPoaGk_A0mAMo6hR12VMRriupOKJQUxNn6soBYp1UktNsBQ9XqR2dKWwNe0L_9uwFIaDHui_T9S7fgDbOh64Mo3QBgGX7shlzJ3Xi7Iv3Lgt7B1-v5MItk7Pzn6Oov6XKQ=w1024-h768-k-no,
Shrijee Home Decor,"73, Ahilya Pura, Chhipa Bakhal, Indore, Madhya Pradesh 452002",,,088170 03363,Home Decor,Indore,5.0,5.0,22.7208381,75.8501059,"https://www.google.com/maps/place/Shrijee+Home+Decor/@22.7208381,75.8501059,17z/data=!3m1!4b1!4m6!3m5!1s0x3962fd3d2b72a473:0xf6e9a90ac458d198!8m2!3d22.7208381!4d75.8501059!16s%2Fg%2F11n081yx0h?authuser=0&hl=en&entry=ttu&g_ep=EgoyMDI2MDYyOS4wIKXMDSoASAFQAw%3D%3D",https://lh3.googleusercontent.com/gps-cs-s/APNQkAFSO28idTwyoYb_umVOeDeCajQwaZIaCs87yR_BIvKCxtJEKfvwlhHFc3u069pFsq_3hJc_ORHSH2tP55dZajL55XdHOUrcdyooqcPX76tmlWi_ik4Oxn0yfObS0CZPKZj1lQeK=w1024-h768-k-no,
Indoor Decor & Furnishing,"10 JUNA, TUKOGANJ, Hemilton Rd, near TILAKPATH, Indore, Madhya Pradesh 452007",,,087703 29021,Home Decor,Indore,29.0,5.0,22.7215983,75.8573538,"https://www.google.com/maps/place/Indoor+Decor+%26+Furnishing/@22.7215983,75.8573538,17z/data=!3m1!4b1!4m6!3m5!1s0x3962fd25e76710a7:0xfbd4fcfde4b40f76!8m2!3d22.7215983!4d75.8573538!16s%2Fg%2F11k55nvx7j?authuser=0&hl=en&entry=ttu&g_ep=EgoyMDI2MDYyOS4wIKXMDSoASAFQAw%3D%3D",https://lh3.googleusercontent.com/gps-cs-s/APNQkAG4le6DQiq6CKdKxXF7HZm-gDCCAwYBrRPL8tltYN701cQxR5TasL6SE1ByzVtOcoJeDXEd0y7dZ8tjQOKOPqUOirLWq28T4B_MUcBxU5drYxetd8kqHv5u-ov6j9dy_i1Y1m58=w1024-h768-k-no,
VG Decor home furnishing,"Plot No. 116, PU 4, Near Vijay Nagar Square, Scheme 54 PU4, Indore, Madhya Pradesh 452010",vgdecore.com,https://vgdecore.com,099777 74899,Home Decor,Indore,55.0,4.8,22.7441732,75.8968461,"https://www.google.com/maps/place/VG+Decor+home+furnishing/@22.7441732,75.8968461,17z/data=!3m1!4b1!4m6!3m5!1s0x3962fd0c4c8c6627:0x2b844aef63a997a8!8m2!3d22.7441732!4d75.8968461!16s%2Fg%2F11sf0htl_m?authuser=0&hl=en&entry=ttu&g_ep=EgoyMDI2MDYyOS4wIKXMDSoASAFQAw%3D%3D",https://lh3.googleusercontent.com/gps-cs-s/APNQkAHT7Zv7h36GPpHVf6kO-vH6gRK8-BZkRr7Vls9BKj6EE92Qn89vMNpAxgRDznE3hKKcKnvH4olh1PRnpAL7iYUS51yNtewJWVgplxwNXsBMdnXU1fxjCAS9xqaBQYXrBUpwkdxj=w1024-h768-k-no,
Indore Home Decor,"Sanjay Setu, South Toda, Indore, Madhya Pradesh 452007",,,,Home Decor,Indore,2.0,2.5,,,https://www.google.com/maps/place/Indore+Home+Decor/data=!4m7!3m6!1s0x3962fdf2a833b059:0x3f581f71be063538!8m2!3d22.7175386!4d75.8596005!16s%2Fg%2F11lnhd23z1!19sChIJWbAzqPL9YjkRODUGvnEfWD8?authuser=0&hl=en&rclk=1,https://streetviewpixels-pa.googleapis.com/v1/thumbnail?panoid=FrUtck7R7bO2mCK9t49IcQ&cb_client=search.gws-prod.gps&w=408&h=240&yaw=159.05702&pitch=-3.9921443&thumbfov=100,
"Pepperfry Vijay Nagar - Multi Brand Furniture, Mattress & Home Furnishings Shop","Plot No. 319, behind Sure Stay hotel, PU 4, Near Vijay Nagar Square, Vijay Nagar, Scheme No 54, Indore, Madhya Pradesh 452010",pepperfry.com,https://pepperfry.com,097559 00927,Home Decor,Indore,357.0,4.2,22.7477168,75.8967699,"https://www.google.com/maps/place/Pepperfry+Vijay+Nagar+-+Multi+Brand+Furniture,+Mattress+%26+Home+Furnishings+Shop/@22.7477168,75.8967699,17z/data=!3m1!4b1!4m6!3m5!1s0x3962fd569731a26d:0xfb7493ce882b4cdc!8m2!3d22.7477168!4d75.8967699!16s%2Fg%2F11hcd5kfbv?authuser=0&hl=en&entry=ttu&g_ep=EgoyMDI2MDYyOS4wIKXMDSoASAFQAw%3D%3D",https://lh3.googleusercontent.com/gps-cs-s/APNQkAEVDlbxdogu06frUt3lUDMsUpADNxJM1KOp41279KicFbyNdB0JVifVJ3pCqC0OXoj8VycTEBKs8CxvYrgqIwTqc3UjU0oUxHP1RH4eHPDm9LCbe9_Gte9OFLSjUBHni4msh8kr6D06Q4g=w1024-h768-k-no,
Tara The Decorative World,"Behind kalani nagar sabji Mandi road, 58, Kalani Nagar, Indore, Madhya Pradesh 452005",,,098270 47289,Home Decor,Indore,144.0,4.9,,,https://www.google.com/maps/place/Tara+The+Decorative+World/data=!4m7!3m6!1s0x3962fdc792b08e91:0x8b72f7035155cbe1!8m2!3d22.7233247!4d75.8244503!16s%2Fg%2F11h032dp6j!19sChIJkY6wksf9YjkR4ctVUQP3cos?authuser=0&hl=en&rclk=1,https://lh3.googleusercontent.com/gps-cs-s/APNQkAGmYk9YTRk6OcOCa4EcYhoP_Wrjuy766BoABQkkjvSb4JU3FlRNjH94iFv5zg7VUaLPWklh2DETblSROm4dbyJ41eyuGblzMDFh4AzKR2aNgxxoI4meLYsTCoQseECZL17CZm24mQ=w1024-h768-k-no,
Lalchand Hassanand,"77, Freeganj St, Gorikund, M.T Cloth Market, Maharaja Tukoji Rao Holker Cloth Market, Indore, Madhya Pradesh 452002",sites.google.com,https://sites.google.com,098260 77553,Home Decor,Indore,45.0,4.4,22.7186634,75.8495246,"https://www.google.com/maps/place/Lalchand+Hassanand/@22.7186634,75.8495246,17z/data=!3m1!4b1!4m6!3m5!1s0x3962fda0c0000001:0xf2232eacf83c4fce!8m2!3d22.7186634!4d75.8495246!16s%2Fg%2F1tf85h3t?authuser=0&hl=en&entry=ttu&g_ep=EgoyMDI2MDYyOS4wIKXMDSoASAFQAw%3D%3D",https://lh3.googleusercontent.com/gps-cs-s/APNQkAHkfV3M3TTsfCc_kozckjXdC32GEsux_3ALFKfScqklZ70SO5Z_VNiaLZ9h58JliMESa9_FZooxQhEJ804td6wITH50aYj1m5IVbA5Q_hPaIt5eho-XxGtZ-kbSY1-OTQlMRpI=w1024-h768-k-no,
Rajgarhwala Furnitures | Premium Imported Furniture Showroom | Top Home Decor Store | Customised Modular Kitchen Dealer,"191, Khatiwala Tank, Indore, Madhya Pradesh 452014",rajgarhwala.in,https://rajgarhwala.in,078698 88948,Home Decor,Indore,8.0,4.9,,,https://www.google.com/maps/place/Rajgarhwala+Furnitures+%7C+Premium+Imported+Furniture+Showroom+%7C+Top+Home+Decor+Store+%7C+Customised+Modular+Kitchen+Dealer/data=!4m7!3m6!1s0x3962fd61fb8a2b19:0x3d90983d0de9550a!8m2!3d22.6977372!4d75.8592929!16s%2Fg%2F11tf2sfk_s!19sChIJGSuK-2H9YjkRClXpDT2YkD0?authuser=0&hl=en&rclk=1,https://lh3.googleusercontent.com/gps-cs-s/APNQkAEcudRznTQFEqHQM4RBMUc5q765Hlvqy1rA7-mbjxXxwGue_M8c_cXG8PYgs9ndYz2YEq5zlX-4au9zll-26CUV8M9dZHcIn_KwT99nDY0MCy33fTSji9jLoU4Ebq9odvC5GPXOCQ=w1024-h768-k-no,
Dellamore - Home decor Customized Wallpaper Vinyl Print Indore,"191, near pardeshipura, Readymade Complex, Pardesipura, Indore, Madhya Pradesh 452010",dellamoreprintings.com,https://dellamoreprintings.com,099774 78910,Home Decor,Indore,64.0,5.0,,,https://www.google.com/maps/place/Dellamore+-+Home+decor+Customized+Wallpaper+Vinyl+Print+Indore/data=!4m7!3m6!1s0x3963031f7e344333:0x9549bab4743454cf!8m2!3d22.7493953!4d75.8678515!16s%2Fg%2F11vsyrd8hr!19sChIJM0M0fh8DYzkRz1Q0dLS6SZU?authuser=0&hl=en&rclk=1,https://lh3.googleusercontent.com/gps-cs-s/APNQkAG_vOuHqv1Iu3t1m0OiRzszu5r-uQjM7cIMUIcuDK21KoRYfuslV-iXJ888OjekfWYbhVPgxRuRiKodVWYcKFVp5TuTQLG-yCz4ZR7D_v_vECMFGWNBheEU5Iif196IIk0pGIu5=w1024-h768-k-no,
Ravi's Gift Gallery The Decor Shop| Home decor shop Indore| Gift Shop near me| Home Interior shop| Gift Items,"4th Floor, Ambika Plaza, Shop No, G-18, Jail Rd, near Prashant Hotel, Indore, Madhya Pradesh 452007",citybazaronline.com,https://citybazaronline.com,081094 25000,Home Decor,Indore,258.0,4.9,,,https://www.google.com/maps/place/Ravi%27s+Gift+Gallery+The+Decor+Shop%7C+Home+decor+shop+Indore%7C+Gift+Shop+near+me%7C+Home+Interior+shop%7C+Gift+Items/data=!4m7!3m6!1s0x3962fd44be2abb05:0xad5fc6c95cbde7cf!8m2!3d22.7209399!4d75.8609406!16s%2Fg%2F11t9r015j2!19sChIJBbsqvkT9YjkRz-e9XMnGX60?authuser=0&hl=en&rclk=1,https://lh3.googleusercontent.com/gps-cs-s/APNQkAGrxohMdRTYoFniP2iS8ltU_0TPvu06W4bJV9owsFL5WFt9WoB6LHMb8v2kxSV0CvYLh22mEARDgLSQS6h8Db1tKOFtKeGFXA0hxboMZDoNHzM2UKy-bwxECDG-Z5rZLvZHPpU5wQ=w1024-h768-k-no-pi-0-ya2.000006-ro-0-fo100,
Aatmik Decors,"18, Bicholi Mardana Rd, opp. Shreemaya Celebration, near Vaishnav Dham Mandir, Scheme No 140, Indore, Madhya Pradesh 452016",,,096690 05860,Home Decor,Indore,32.0,4.8,22.701438,75.9246557,"https://www.google.com/maps/place/Aatmik+Decors/@22.701438,75.9246557,17z/data=!3m1!4b1!4m6!3m5!1s0x3962fdbcd4c539ad:0x64b05b802a0b6ba1!8m2!3d22.701438!4d75.9246557!16s%2Fg%2F11h60f1tpp?authuser=0&hl=en&entry=ttu&g_ep=EgoyMDI2MDYyOS4wIKXMDSoASAFQAw%3D%3D",https://lh3.googleusercontent.com/gps-cs-s/APNQkAGjeiPODmWUlVQoIPrzdSVZEbR42nJf4h85W0ptXajTMe2Ur93fuQww3y2JRc8Awzn61JnSeA7Z0TzhUgOUiGwIsZJHbkdClokVTq5h8Hx65s-fe6OdxM6iNucReiY1ZsXUBMI=w1024-h768-k-no,
MM Home Decor,"170; anjani nagar, Bijasan Rd, Indore, Madhya Pradesh 452002",,,098269 52569,Home Decor,Indore,1.0,5.0,22.7151458,75.8355109,"https://www.google.com/maps/place/MM+Home+Decor/@22.7151458,75.8355109,17z/data=!3m1!4b1!4m6!3m5!1s0x3962fde490debcf5:0xadc9adc72eee8f66!8m2!3d22.7151458!4d75.8355109!16s%2Fg%2F11hp1wnmgq?authuser=0&hl=en&entry=ttu&g_ep=EgoyMDI2MDYyOS4wIKXMDSoASAFQAw%3D%3D",https://lh3.googleusercontent.com/gps-cs-s/APNQkAF2Ce2yv_RLbDSClYQ3Z_HPlJF1gxAsU1S18_EijwtsOlJhty30CM_Pq7JQkPCydQqDRMM2sULJdTHK1mNH3i15nT0wu8AlbXpcN6JS30Mfmd3GCPwKAi9hdDCXO96XUBqeYH_B0w=w1024-h768-k-no,
Chic Casa India,"4th Floor, Tower No.1, Poddar Plaza, 419, New Siyaganj, Indore, Madhya Pradesh 452007",chiccasa.in,https://chiccasa.in,093408 34526,Home Decor,Indore,48.0,4.5,22.7233843,75.8672575,"https://www.google.com/maps/place/Chic+Casa+India/@22.7233843,75.8672575,17z/data=!3m1!4b1!4m6!3m5!1s0x3962fd373e187d71:0xd9bae445c2db1511!8m2!3d22.7233843!4d75.8672575!16s%2Fg%2F11j2xcyvlk?authuser=0&hl=en&entry=ttu&g_ep=EgoyMDI2MDYyOS4wIKXMDSoASAFQAw%3D%3D",https://lh3.googleusercontent.com/gps-cs-s/APNQkAFwqY-b-k9f3EHVkcrToiAyE5mZoKp3YsdHtL2Cna5RB3qFULO177U_PENARqi-1KxOfI9MKxoXCtq5lf53OVJIEtuDFQ52smkuPWXff8FGPeRUTkUo-zHM6itQJk7jBRds1C9s=w1024-h768-k-no,
Dream Home Decor,"44/2 Moti Tabela Main Road, Collectorate Rd, Indore, Madhya Pradesh 452007",,,,Home Decor,Indore,7.0,4.7,,,https://www.google.com/maps/place/Dream+Home+Decor/data=!4m7!3m6!1s0x3962fd2e5bd49e33:0x36d6efd3caf12b54!8m2!3d22.7081107!4d75.8556315!16s%2Fg%2F11j0_mj0g0!19sChIJM57UWy79YjkRVCvxytPv1jY?authuser=0&hl=en&rclk=1,https://lh3.googleusercontent.com/gps-cs-s/APNQkAEFuTA7xqrsn8lIVbgMWXwvgfKcPSfIYOQrjyvmQDLj-8v1k4Z6nK9X22nLo-eGWBBui60EPnnThf4ogLMOc9F5MFxOSc_KfCdAmlrSqL7Tyne8JgSV-7jQOOtZWtemMZ-giL0p=w1024-h768-k-no,
GRAH SHOBHA | Curtains shop near | Wallpaper dealers Indore | Best carpet showroom | Designer bed covers Indore,"103, Nagar Nigam Rd, Nagar Nigam, Indore, Madhya Pradesh 452001",,,099267 44475,Home Decor,Indore,132.0,4.0,,,https://www.google.com/maps/place/GRAH+SHOBHA+%7C+Curtains+shop+near+%7C+Wallpaper+dealers+Indore+%7C+Best+carpet+showroom+%7C+Designer+bed+covers+Indore/data=!4m7!3m6!1s0x3962fd0b7e65f4b5:0x6772182dc26e483e!8m2!3d22.7201402!4d75.8601029!16s%2Fg%2F11bzwpf859!19sChIJtfRlfgv9YjkRPkhuwi0Ycmc?authuser=0&hl=en&rclk=1,https://lh3.googleusercontent.com/gps-cs-s/APNQkAFxAcBsgd2l9Xlmmuw2ZKt8sU2xEDkRsyxZ13u9iN3TnODcgLT_uprdgXPveLxnMlSoDUeWnW-T_yCSKxzpXrwBQhCn6pKmIeT_3X8_cQWsDFIZxHX7lx8o_8MP2rcdqBsG_z6M=w1024-h768-k-no,
Only one Home decor,"Only one electricals represents another shop near only one electricals only named as only one home decor, 177, RNT Marg, near laxmi narayan dodh wala, Chhawni, Indore, Madhya Pradesh 452001",,,,Home Decor,Indore,15.0,5.0,,,https://www.google.com/maps/place/Only+one+Home+decor/data=!4m7!3m6!1s0x3962fde067a04df9:0xdc73b3133fe3b6b!8m2!3d22.7100514!4d75.8757043!16s%2Fg%2F11z4c_h22l!19sChIJ-U2gZ-D9YjkRazv-MzE7xw0?authuser=0&hl=en&rclk=1,https://lh3.googleusercontent.com/gps-cs-s/APNQkAHVc56tqviVnZV_sIXqdqoAdOY4HUKfhWjjqSxI-ENryoLN9j8v0WFzeKyCQpvjK0gxl9qz-IG4KWBDZJ-bEjyeQukraK3uqsXU3agacwOZu3kfrj6eUPGx6ZtIPr2ekWfVeFGxU0RBMIyK=w1024-h768-k-no,
Sushila Home Decor,"15 B, Maa Durga Nagar, Hardia Colony, Indore, Madhya Pradesh 452001",,,098934 90034,Home Decor,Indore,,,22.7023103,75.8745395,"https://www.google.com/maps/place/Sushila+Home+Decor/@22.7023103,75.8745395,17z/data=!3m1!4b1!4m6!3m5!1s0x3962fd35f3a6b7ff:0xc78ec978c9af11a!8m2!3d22.7023103!4d75.8745395!16s%2Fg%2F11z3mpktt3?authuser=0&hl=en&entry=ttu&g_ep=EgoyMDI2MDYyOS4wIKXMDSoASAFQAw%3D%3D",https://streetviewpixels-pa.googleapis.com/v1/thumbnail?panoid=ToMn8Sx4RAESQK67OEDuLg&cb_client=search.gws-prod.gps&w=408&h=240&yaw=244.20534&pitch=0&thumbfov=100,
Joharri Furnishing,"24, Sanjay Setu Rd, South Toda, Indore, Madhya Pradesh 452007",,,087700 56672,Home Decor,Indore,40.0,4.9,22.7179954,75.8596023,"https://www.google.com/maps/place/Joharri+Furnishing/@22.7179954,75.8596023,17z/data=!3m1!4b1!4m6!3m5!1s0x3962fd0c01fa281d:0x4515a3edd0000000!8m2!3d22.7179954!4d75.8596023!16s%2Fg%2F11q96mhrwm?authuser=0&hl=en&entry=ttu&g_ep=EgoyMDI2MDYyOS4wIKXMDSoASAFQAw%3D%3D",https://lh3.googleusercontent.com/gps-cs-s/APNQkAG48VLTo5wGAyQg5FjZrbq3b6ICVrUWD1GzE3X09e_ol-tO4IUbDqB9qxEikV-cKCI34Kip2wbISHouHHqGYWHcRzj2dTI4LVt9qDbvEjca3idUri_OHrvtiSMYE6vt1_hlPYCXuHTyYXAy=w1024-h768-k-no,
Shaily Interiors | Best Interior Designer | Interior Decorator | Home Interior | Indore |,"203 Fortune Aura Building, Bhawarkua Main Rd, above Maruti Nexa Showroom, near Apple Hospital, Madhya Pradesh 452014",shailyinteriors.com,https://shailyinteriors.com,098260 20003,Home Decor,Indore,12.0,4.4,22.7000981,75.8634049,"https://www.google.com/maps/place/Shaily+Interiors+%7C+Best+Interior+Designer+%7C+Interior+Decorator+%7C+Home+Interior+%7C+Indore+%7C/@22.7000981,75.8634049,17z/data=!3m1!4b1!4m6!3m5!1s0x3962fcfd67751637:0xec432fe3b6072aba!8m2!3d22.7000981!4d75.8634049!16s%2Fg%2F11tjdtn61w?authuser=0&hl=en&entry=ttu&g_ep=EgoyMDI2MDYyOS4wIKXMDSoASAFQAw%3D%3D",https://lh3.googleusercontent.com/gps-cs-s/APNQkAG3pqZ2S1Oq5Dxcc9_5D3uuM32wIMoJZeHjOx69M3M7jV9QwItSPH0F9xHv4tlLW_d9gVckEz7Yocw4WutPyrswvlRGAErZf0y8O7xxcnZ_qjfBrhEn0cyNSlblwSw39IFpccGe=w1024-h768-k-no,
Kustom Kraft | DIY | Home Decore | Customized & Personalized Gifts | Indore |,"G-10, Zainy Readymade Market, Pani ki Tanki, Chowk, near Netaji Subhash Marg, Rajwada, Indore, Madhya Pradesh 452002",,,062654 49247,Home Decor,Indore,17.0,5.0,22.720005,75.8545149,"https://www.google.com/maps/place/Kustom+Kraft+%7C+DIY+%7C+Home+Decore+%7C+Customized+%26+Personalized+Gifts+%7C+Indore+%7C/@22.720005,75.8545149,17z/data=!3m1!4b1!4m6!3m5!1s0x3962fd5f44da4d57:0x5bce4440a8aeab70!8m2!3d22.720005!4d75.8545149!16s%2Fg%2F11y7krlq_k?authuser=0&hl=en&entry=ttu&g_ep=EgoyMDI2MDYyOS4wIKXMDSoASAFQAw%3D%3D",https://lh3.googleusercontent.com/gps-cs-s/APNQkAHjryrswgk3R4KXUAtT-5SvWC4fVrTvUp9LGXNZl2-0ZDkmZR7hdptDBkCnfHi1FTYCs5ulk-HkHT7FwrKP9hFWEAPolWoXmW-3a2fg1DCfskkI65p0BsynpdZl-wST2KtGVEwx=w1024-h768-k-no,
Indore Furnishing Co.,"12, Jawahar Marg, Chhoti Gwaltoli, Indore, Madhya Pradesh 452007",,,081096 15052,Home Decor,Indore,45.0,5.0,22.7155606,75.8659597,"https://www.google.com/maps/place/Indore+Furnishing+Co./@22.7155606,75.8659597,17z/data=!3m1!4b1!4m6!3m5!1s0x3962fcfc301f2c3f:0x4d5c3d619969553d!8m2!3d22.7155606!4d75.8659597!16s%2Fg%2F11gfp348nf?authuser=0&hl=en&entry=ttu&g_ep=EgoyMDI2MDYyOS4wIKXMDSoASAFQAw%3D%3D",https://lh3.googleusercontent.com/gps-cs-s/APNQkAFsGwgM0GFdokkt3JBR3OFak4Y-HX_kWEu1Ufc8htigyAvGtoWnMdtU1H4p9tHDsT_x4HZruUf3DokwNJhpBqGVckvGEtPX88l3TlnLDNKQJSJs8l0u7hPYCa_gvfGfXkBeSBOh=w1024-h768-k-no,
Stuti Decor,"11/2, Meera Path, Dhenu Market, Indore, Madhya Pradesh 452003",,,099775 05909,Home Decor,Indore,22.0,5.0,,,https://www.google.com/maps/place/Stuti+Decor/data=!4m7!3m6!1s0x3962fde736c075e9:0xab34fccc051f0b02!8m2!3d22.7214217!4d75.8708124!16s%2Fg%2F11m6xg3tcf!19sChIJ6XXANuf9YjkRAgsfBcz8NKs?authuser=0&hl=en&rclk=1,https://lh3.googleusercontent.com/gps-cs-s/APNQkAHHjcmYfI7TOH4KsruDr4gFfPtEass0NTjkmGrcHnLZbu7daUc9cIOyj21MiDOUPcXGn_yDZEVV6TucAm5rZiyh0IhZIplYNq7Hr6LY6zfLTnEZd9BL0jcZKD3uy-YPNuesLAiVvAjRzfVQ=w1024-h768-k-no,
Urban Interio,"A8, Paththar Godown Rd, New Siyaganj, Indore, Madhya Pradesh 452003",urbaninterio.co.in,https://urbaninterio.co.in,088890 44496,Home Decor,Indore,13.0,5.0,,,https://www.google.com/maps/place/Urban+Interio/data=!4m7!3m6!1s0x3962fdbd083dc555:0xd81d4ea5abab070d!8m2!3d22.7252604!4d75.8677934!16s%2Fg%2F11vwm6x6xz!19sChIJVcU9CL39YjkRDQerq6VOHdg?authuser=0&hl=en&rclk=1,https://lh3.googleusercontent.com/gps-cs-s/APNQkAFdes20cJzP_vHX0pEyB2sIH9E_g7DszATAA256GfZw7hyJXclqJXZ9VooL3MRFa-N0AsnZ3bFgPzkcJeWGicTZDLTCuUU6lrgUFUzc2WOIfUAc9d6-GGdSehSjYr5CQgSGm8o-=w1024-h768-k-no,
Parichaywala Home Decor,"53, Nandlalpura Main Rd, near Navgrah Temple, Ranipura, Indore, Madhya Pradesh 452007",,,078980 12912,Home Decor,Indore,1.0,5.0,,,https://www.google.com/maps/place/Parichaywala+Home+Decor/data=!4m7!3m6!1s0x3962fd81604353bf:0xb4e4646630c5e17b!8m2!3d22.714122!4d75.8577476!16s%2Fg%2F11rhvt49w9!19sChIJv1NDYIH9YjkRe-HFMGZk5LQ?authuser=0&hl=en&rclk=1,https://lh3.googleusercontent.com/gps-cs-s/APNQkAHHnIjIwdNXccUjhnJ8hnoWm6xOapn5crxxnaWRVPm4_H9c13iBWO7NXHMq_2YdbiKzpLc7LR4wcKe5JG8tl7xts-aT2qRTghD-qT0MVGR6OsFjKgthFSLluTe6-9TUgKDr-f5W=w1024-h768-k-no,
Dhara Modular Kitchen indore,"59, Bada Ganpati, Ganesh Ganj, Indore, Madhya Pradesh 452002",dharamodularkitchen.com,https://dharamodularkitchen.com,099075 55882,Home Decor,Indore,84.0,4.8,22.7200094,75.8440068,"https://www.google.com/maps/place/Dhara+Modular+Kitchen+indore/@22.7200094,75.8440068,17z/data=!3m1!4b1!4m6!3m5!1s0x3962fdb832d83a63:0x22318f9d71dfc0e!8m2!3d22.7200094!4d75.8440068!16s%2Fg%2F11mvb_0lsb?authuser=0&hl=en&entry=ttu&g_ep=EgoyMDI2MDYyOS4wIKXMDSoASAFQAw%3D%3D",https://lh3.googleusercontent.com/gps-cs-s/APNQkAHL_MyV6W5VAD36_qwLBjDLzP0Tx2J4JypNQurhMn2Hdqpe0PnH054x0nrQDBJUzUOKdiS-5qcyBXI_3yv3XXbkm9vV-K4ebxTPJd0HIRAGqLT83knX-2XZ7ZmvWCnaP8_zyrp-=w1024-h768-k-no,
Doree Decor,"M-108, Yashwant Plaza Opp. Railway Station, Madhya Pradesh 452001",instagram.com,https://instagram.com,088188 24347,Home Decor,Indore,13.0,4.9,,,https://www.google.com/maps/place/Doree+Decor/data=!4m7!3m6!1s0x3962fdf047bc981b:0xe51cb223ee8e9518!8m2!3d22.7186515!4d75.8698412!16s%2Fg%2F11h35pdxtj!19sChIJG5i8R_D9YjkRGJWO7iOyHOU?authuser=0&hl=en&rclk=1,https://lh3.googleusercontent.com/gps-cs-s/APNQkAFJYzyhwHWqyFhS1bF6tI2mFvOJtiTaaO0lBsPvZ3OLPYMtyRoTJpSpSq2APXnhLoVlDKNiFhSnbS0qbAugRsKBKrEk59Iv2C27ZlwCKhh2_1-aGQDbJuV1YH9jBEmhZ-ehGxlv=w1024-h768-k-no,
A to Z Craft,"54, Nai Bagad, Ranipura, Indore, Madhya Pradesh 452007",,,098264 43341,Home Decor,Indore,857.0,3.9,,,https://www.google.com/maps/place/A+to+Z+Craft/data=!4m7!3m6!1s0x3962fd6d5c629411:0x805566f36fac5910!8m2!3d22.7179994!4d75.8627672!16s%2Fg%2F1thl3tzh!19sChIJEZRiXG39YjkREFmsb_NmVYA?authuser=0&hl=en&rclk=1,https://lh3.googleusercontent.com/gps-cs-s/APNQkAFJMTlMidomCBFD_C39TgDuSbiig1uIpjxmIsByo2ah1fgeHBz1hK5SlDzwKOgp9qqyhe98P4hWPtl79Hb04UwIIs8J4PYpESovtWGjkPkGGrbPAoOZoWb5PNelSwHoC26mIqAVxw=w1024-h768-k-no,
Dream House Makerz- Best Architect in Indore | Interior Designer in Indore,"5th Floor, Fortune Aura, 505-506, Bhanwar Kuwa, Indore, Madhya Pradesh 452014",dreamhousemakerz.com,https://dreamhousemakerz.com,0731 668 0333,Home Decor,Indore,105.0,4.7,22.6950815,75.8660544,"https://www.google.com/maps/place/Dream+House+Makerz-+Best+Architect+in+Indore+%7C+Interior+Designer+in+Indore/@22.6950815,75.8660544,17z/data=!3m1!4b1!4m6!3m5!1s0x3962fd6b06da5dc3:0xd628dd5836675c95!8m2!3d22.6950815!4d75.8660544!16s%2Fg%2F11qqmjb1v3?authuser=0&hl=en&entry=ttu&g_ep=EgoyMDI2MDYyOS4wIKXMDSoASAFQAw%3D%3D",https://lh3.googleusercontent.com/gps-cs-s/APNQkAE51JeM4GycTVlaFpk0Aj1Ao47pPIwANQmC_oeIRD4BEQDnb_RBfULGxQAYDPtl1qwJwYbpzvwsXJSWZSxMLYmIHeG5kayBS4cAr3_qBAUoPWFJycKQtgXSrCWNB-SnlzLpGc8t=w1024-h768-k-no,
New Shri Shani interior designer heena wood work,"Vinayak heritage Rao ji bajar, Indore, Madhya Pradesh 452001",,,072988 88843,Home Decor,Indore,53.0,4.8,22.7130904,75.8595948,"https://www.google.com/maps/place/New+Shri+Shani+interior+designer+heena+wood+work/@22.7130904,75.8595948,17z/data=!3m1!4b1!4m6!3m5!1s0x3962fdc996628277:0x93a0c27ee562d1d8!8m2!3d22.7130904!4d75.8595948!16s%2Fg%2F11j0vy6_k3?authuser=0&hl=en&entry=ttu&g_ep=EgoyMDI2MDYyOS4wIKXMDSoASAFQAw%3D%3D",https://lh3.googleusercontent.com/gps-cs-s/APNQkAFZLuTUf_EtG6DY6vxEBjNoQG4NpX7fRRDt70FUfvrRFBHMCumJa6xmbKjrwn2OnWo_VrXGtSk5_QDehIKFA79GtSSWtsShba7fZ9sskJR3yLcCvMawkH-tozIF3y64ARWJrHY=w1024-h768-k-no,
Triveni Almirah indore - New Raj Mohalla Outlet,"PR8R+75P, SH 27, Mahesh Nagar, Indore, Madhya Pradesh 452002",trivenialmirah.com,https://trivenialmirah.com,088104 95844,Home Decor,Indore,684.0,5.0,22.7155738,75.8404543,"https://www.google.com/maps/place/Triveni+Almirah+indore+-+New+Raj+Mohalla+Outlet/@22.7155738,75.8404543,17z/data=!3m1!4b1!4m6!3m5!1s0x3962fd0027ce15ef:0x7b915993b1e5022d!8m2!3d22.7155738!4d75.8404543!16s%2Fg%2F11vr96prqp?authuser=0&hl=en&entry=ttu&g_ep=EgoyMDI2MDYyOS4wIKXMDSoASAFQAw%3D%3D",https://lh3.googleusercontent.com/gps-cs-s/APNQkAFZ-1ae10BkUfbvPOmghWEgMsZmuixlQpsT4-Fkq9KlGZnthxSO4rA5qAdQM6q8zT4qsib_AXLkGqHebAXFJjuc9ZliVHf3F8LFOo0qz5es8lGBKNcvED4bOwLeyrAqMHoGTf_boO8O3sDY=w1024-h768-k-no,
SHRI NAKODAJI FURNISHING,"9/3 Rambagh, Near Sharma Maruti garage, behind Petrol Pump, Madhya Pradesh 452007",,,062648 65424,Home Decor,Indore,78.0,3.9,,,https://www.google.com/maps/place/SHRI+NAKODAJI+FURNISHING/data=!4m7!3m6!1s0x3962fd74b15519d3:0x27ee49ac4fc4b232!8m2!3d22.7238737!4d75.8581224!16s%2Fg%2F11cn6dk9ww!19sChIJ0xlVsXT9YjkRMrLET6xJ7ic?authuser=0&hl=en&rclk=1,https://lh3.googleusercontent.com/gps-cs-s/APNQkAEfPzbasLD5WNFI-ZX4cQRwzRRhnbs6Hw3xgQw0RTCqLzers5Wn7v0R2iWhTse6LABMG5spVdsA1P2yyJJnJfkhmL529rhCVITnFGGTDNHwwiISYFDWfO2XwZm3R5dhMWxFs6ZL3A=w1024-h768-k-no,
N.s.3D wallpaper decor,"Shramik Colony, Agrasen Nagar, Indore, Madhya Pradesh 452005",youtube.com,https://youtube.com,079998 56508,Home Decor,Indore,11.0,5.0,22.7264761,75.8396866,"https://www.google.com/maps/place/N.s.3D+wallpaper+decor/@22.7264761,75.8396866,17z/data=!3m1!4b1!4m6!3m5!1s0x3962fd08afb2b417:0x8c2c2bf07a35e55b!8m2!3d22.7264761!4d75.8396866!16s%2Fg%2F11s87sn4f8?authuser=0&hl=en&entry=ttu&g_ep=EgoyMDI2MDYyOS4wIKXMDSoASAFQAw%3D%3D",https://lh3.googleusercontent.com/gps-cs-s/APNQkAH7EXTge41IU1YlaLj7T3AxhA39tnMueiJIKNegz8b3B5Z23RQMq-1GS4NaY0jnfHKKU1zq41FlqZYaSzZcQEYzFfzSNxDa_d6rSvRG17L_d7jWrz1VjYitYDvmQVLE7w7LJzAM=w1024-h768-k-no,
"Springfit Mattress Store | Ranipura, Indore","Sanjay Setu Rd, Ranipura, Indore, Madhya Pradesh 452007",stores.springfit.com,https://stores.springfit.com,080101 61016,Home Decor,Indore,11.0,4.1,22.7166452,75.8598176,"https://www.google.com/maps/place/Springfit+Mattress+Store+%7C+Ranipura,+Indore/@22.7166452,75.8598176,17z/data=!3m1!4b1!4m6!3m5!1s0x3962fd0eb6d96327:0xe704cf3590557bec!8m2!3d22.7166452!4d75.8598176!16s%2Fg%2F11dymlnfbm?authuser=0&hl=en&entry=ttu&g_ep=EgoyMDI2MDYyOS4wIKXMDSoASAFQAw%3D%3D",https://lh3.googleusercontent.com/gps-cs-s/APNQkAHAoMB7-OKOCDRqc_m-AZkLGiSdiSlfr72z8WJutD9uJADOURh1hh9dhemg5-q5KTKo_IOcXbFK5e3kYWQQsRnbs2yAAYw63_I_wY72qsIa85G-ACAjwgRCeAlT7JKps_QFoU1KaK2EC0ro=w1024-h768-k-no,
MEENA PLY Home decor WALLPEPAR 3 Sunjay Setu shopping complex Indore 452007,"Shop no 3, shopping complex, Sanjay Setu Rd, South Toda, Indore, Madhya Pradesh 452007",,,093003 54670,Home Decor,Indore,1.0,5.0,22.7165052,75.8599062,"https://www.google.com/maps/place/MEENA+PLY+Home+decor+WALLPEPAR+3+Sunjay+Setu+shopping+complex+Indore+452007/@22.7165052,75.8599062,17z/data=!3m1!4b1!4m6!3m5!1s0x3962fdf6fc3184eb:0x5439efd4bd0a1f4a!8m2!3d22.7165052!4d75.8599062!16s%2Fg%2F11s42tq1z4?authuser=0&hl=en&entry=ttu&g_ep=EgoyMDI2MDYyOS4wIKXMDSoASAFQAw%3D%3D",https://lh3.googleusercontent.com/gps-cs-s/APNQkAGdRXedJh5K1M-LR3Tl2W7zUcHxFhk-vqisKt2jGxbgViuMnO44QUHhuNU3mYKo3UhO6zGKNtozNwXrHWGERqjyafEX9fjhOk_NDULu7VqDl2Gfp6yW1t8_E0Ci7-4cjw3QBEmP6oixnGE=w1024-h768-k-no,
Taheri Decor,"48, Jawahar Marg, Siyaganj, Indore, Madhya Pradesh 452007",instagram.com,https://instagram.com,088714 68852,Home Decor,Indore,12.0,4.7,22.7161967,75.862272,"https://www.google.com/maps/place/Taheri+Decor/@22.7161967,75.862272,17z/data=!3m1!4b1!4m6!3m5!1s0x3962fd18f44870db:0x9b9e7604ddef1a5!8m2!3d22.7161967!4d75.862272!16s%2Fg%2F11j2nb9033?authuser=0&hl=en&entry=ttu&g_ep=EgoyMDI2MDYyOS4wIKXMDSoASAFQAw%3D%3D",https://lh3.googleusercontent.com/gps-cs-s/APNQkAGlY-bs7HULix06Anzog_Z2bq1F9GNwAbBQdLt8OQVX2wi1jzKHOc6BRZ-Y2AWGoPFRaIeuGsVScun_2B4Et_J61L3ruhFpPG8EU_fct1vzC5rXTAGzAbmwHDgj6LQRRu1XMfxtRQ=w1024-h768-k-no,
Balaji Furniture,"339, Jawahar Marg, South Toda, Indore, Madhya Pradesh 452007",,,,Home Decor,Indore,1380.0,4.0,,,https://www.google.com/maps/place/Balaji+Furniture/data=!4m7!3m6!1s0x3962fd09e6aaa18f:0xadbc7b28caac8a4b!8m2!3d22.7164965!4d75.8606711!16s%2Fg%2F1tqfzr2m!19sChIJj6Gq5gn9YjkRS4qsyih7vK0?authuser=0&hl=en&rclk=1,https://lh3.googleusercontent.com/gps-cs-s/APNQkAHkMTREAbEPsNn_mqfiRjgN_SnOvB6ULAoTkp1O8xcANYrLSt67U6QSrNbI6j97OIRflzqR8DSNfxOdDoi11w1dOnXNGLoJSw-hMbtwoBMcLBKl5cwu1uUfVoAnwGJ0vlztTL6j3g=w1024-h768-k-no,
Nature Craft,"470 M.G.Road opp. Mrignayani Emporium indore,Behind Malwa Handlom, Madhya Pradesh 452007",,,094250 73832,Home Decor,Indore,143.0,3.9,22.7200922,75.8589397,"https://www.google.com/maps/place/Nature+Craft/@22.7200922,75.8589397,17z/data=!3m1!4b1!4m6!3m5!1s0x3962fd6d5c629411:0xf31d7f80af42923d!8m2!3d22.7200922!4d75.8589397!16s%2Fg%2F1vlz8rz4?authuser=0&hl=en&entry=ttu&g_ep=EgoyMDI2MDYyOS4wIKXMDSoASAFQAw%3D%3D",https://lh3.googleusercontent.com/gps-cs-s/APNQkAHE5DXn2g6aMxMQh57eUE4azO0VcNk6vvqYlN7pe0eYcBGL4ZW7JCswl6po7PEuGt-ThRvsuYJk8OuPf5jX72oHoj23CyIzIdVZk6sQiHlbRtXDhmfzrC3dTHHv51p71A7fubdH=w1024-h768-k-no,
Shape Design Studio - Best Interior Designer in Indore,"106, NM VERGE, Yeshwant Niwas Rd, Maan Sarovar, Indore, Madhya Pradesh 452003",shapedesignstudio.in,https://shapedesignstudio.in,089625 25138,Home Decor,Indore,49.0,4.9,22.7313048,75.8746103,"https://www.google.com/maps/place/Shape+Design+Studio+-+Best+Interior+Designer+in+Indore/@22.7313048,75.8746103,17z/data=!3m1!4b1!4m6!3m5!1s0x3962fdb76953d07f:0x56a7af9ce7ce823a!8m2!3d22.7313048!4d75.8746103!16s%2Fg%2F11tg3hn7s2?authuser=0&hl=en&entry=ttu&g_ep=EgoyMDI2MDYyOS4wIKXMDSoASAFQAw%3D%3D",https://lh3.googleusercontent.com/gps-cs-s/APNQkAGsTPaiAlRfXx8LGSrdCRl6TC_VagYnbunnkmvBsljIXAKdR8XJVZZCo4Cd3bdtmgo0tU4mnl57bwUqqDND-CwDYfy4vuZrH5svZaCX0_3uL0bZt4-TngIs-TsNTQfLQG28wD3v=w1024-h768-k-no,
MAF CREATION The No 1 Wallpaper Company in MP,"SAIFY HOTEL SQUARE, New 446, Jawahar Marg, opp. Jhanda Chowk police station, Siyaganj, Indore, Madhya Pradesh 452007",,,098269 52110,Home Decor,Indore,75.0,4.5,,,https://www.google.com/maps/place/MAF+CREATION+The+No+1+Wallpaper+Company+in+MP/data=!4m7!3m6!1s0x3962fd09e6aaa18f:0x8c5099b8cddc7b21!8m2!3d22.7162273!4d75.8634675!16s%2Fg%2F1tdx2jn0!19sChIJj6Gq5gn9YjkRIXvczbiZUIw?authuser=0&hl=en&rclk=1,https://lh3.googleusercontent.com/gps-cs-s/APNQkAFyqdfY1IeoqmJsfONIX-Le24gEWdk0HFDxLS9B2-dCX07GrKjxFIcbaIjHeg3b82CCsS8lqJFI_7WF-83boIs2HClgqZ9WBNDDuNRgCfS5v4oEPnSeH-_v5vw-gWvOBcojAp8D=w1024-h768-k-no,
Milan Bharat Steel Furniture,"337, Jawahar Marg, Petrol Pump Ke Samane Main Road, Jawahar Marg, Indore, Madhya Pradesh 452007",milanbharatsteelfurniture.com,https://milanbharatsteelfurniture.com,089829 33005,Home Decor,Indore,116.0,4.7,22.7163157,75.8604192,"https://www.google.com/maps/place/Milan+Bharat+Steel+Furniture/@22.7163157,75.8604192,17z/data=!3m1!4b1!4m6!3m5!1s0x3962fd09e6aaa18f:0x7e1a3a0bd1726689!8m2!3d22.7163157!4d75.8604192!16s%2Fg%2F1vgw70vb?authuser=0&hl=en&entry=ttu&g_ep=EgoyMDI2MDYyOS4wIKXMDSoASAFQAw%3D%3D",https://lh3.googleusercontent.com/gps-cs-s/APNQkAEhCa-B2ysTY1w6oUgsJUZHW8s5VRk6RXJo55pFcM15bpjIkRCS5CiyhmSYsvy8jZqyy7zpb1yb4_2VohQ0VGj-A0AcDoKWsvYioyu1NNotadZ1O3qJS-G6v3_lkqhT-iJLnM-U=w1024-h768-k-no,
MOHAN HOME DECOR,"Sindhi Colony, Indore, Madhya Pradesh 452001",,,,Home Decor,Indore,4.0,4.0,22.7003023,75.8636295,"https://www.google.com/maps/place/MOHAN+HOME+DECOR/@22.7003023,75.8636295,17z/data=!3m1!4b1!4m6!3m5!1s0x3962fcfd5de3d9e1:0x2ad231ab9783165f!8m2!3d22.7003023!4d75.8636295!16s%2Fg%2F11xcch2kyg?authuser=0&hl=en&entry=ttu&g_ep=EgoyMDI2MDYyOS4wIKXMDSoASAFQAw%3D%3D",https://streetviewpixels-pa.googleapis.com/v1/thumbnail?panoid=oyQFCNmPQHZVh-0FLuJAyA&cb_client=search.gws-prod.gps&w=408&h=240&yaw=65.186165&pitch=-4.2096868&thumbfov=100,
Shri Pushp Cloth & Home Decor,"46/1, Market First left, Sindhi Colony, Indore, Madhya Pradesh 452001",instagram.com,https://instagram.com,079875 17698,Home Decor,Indore,2.0,5.0,,,https://www.google.com/maps/place/Shri+Pushp+Cloth+%26+Home+Decor/data=!4m7!3m6!1s0x3962fdc304ef3b85:0x437772bee0a67b5!8m2!3d22.6996797!4d75.8646517!16s%2Fg%2F11mdfd09nn!19sChIJhTvvBMP9YjkRtWcK7it3NwQ?authuser=0&hl=en&rclk=1,https://lh3.googleusercontent.com/gps-cs-s/APNQkAFU3azyOvzG4cvw5ZtXuPqm6o-cewkkatJxXTfbegp9oyRe7KWM4gtmkmNJQ-BoFu-OJTVSNBr0v6IQZqkJSulEZC6DqswoFozUH1qHrt9Efyg5zyYAkZvA0mx87qjPWYA5X6j47iQVtuvl=w1024-h768-k-no,
Nafees Foam House,"85, Siyaganj Main Rd, opposite Bank Of India, Siyaganj, Indore, Madhya Pradesh 452007",,,,Home Decor,Indore,83.0,4.8,22.7164225,75.8657977,"https://www.google.com/maps/place/Nafees+Foam+House/@22.7164225,75.8657977,17z/data=!3m1!4b1!4m6!3m5!1s0x3962fd0e0fffffff:0x4c71219a4a5ab51e!8m2!3d22.7164225!4d75.8657977!16s%2Fg%2F1tk4pkd2?authuser=0&hl=en&entry=ttu&g_ep=EgoyMDI2MDYyOS4wIKXMDSoASAFQAw%3D%3D",https://lh3.googleusercontent.com/gps-cs-s/APNQkAHVe2_Y_Vzn9-dZsfOCTEsrLzupGEXrzSlx7fbOeitx4zBijKo2wSAcENGK1uO6AYH73GK83rMOFX1hwvtiV8mmSL-WCVsysv2WVS4AlAhE5Pc6CdhMFGkC2HSZ5RTueqR-zv6H=w1024-h768-k-no,
Daya lights india (indore),"B,5, near ICICI Bank, New Siyaganj, Indore, Madhya Pradesh 452003",dayaworldwide.com,https://dayaworldwide.com,088188 81706,Home Decor,Indore,230.0,4.8,22.723064,75.866201,"https://www.google.com/maps/place/Daya+lights+india+(indore)/@22.723064,75.866201,17z/data=!3m1!4b1!4m6!3m5!1s0x3962fdc281d3eef3:0x675fa8dd9d0bb585!8m2!3d22.723064!4d75.866201!16s%2Fg%2F11sktb998z?authuser=0&hl=en&entry=ttu&g_ep=EgoyMDI2MDYyOS4wIKXMDSoASAFQAw%3D%3D",https://lh3.googleusercontent.com/gps-cs-s/APNQkAG3UzuJF9F1obfDWok-DzruJIIjidmq5D6VOaO5oZScSF7y_JO7UMoArg76_g-XdyaQVk0sMHOBvIZpqxTTBZ505yKf-b-J2XD-yfufoI6FFidG3vyhCrQyRDoNi6ahEN1pSiS50Lv-pjg=w1024-h768-k-no,
Home decor Carpet & wallpaper,"Mahal Kacheri, Indore, Madhya Pradesh 452007",wallpaper.com,https://wallpaper.com,093408 47617,Home Decor,Indore,3.0,5.0,22.7139392,75.8578523,"https://www.google.com/maps/place/Home+decor+Carpet+%26+wallpaper/@22.7139392,75.8578523,17z/data=!3m1!4b1!4m6!3m5!1s0x3962fd710263fea7:0x9abbd2ddae5d95b9!8m2!3d22.7139392!4d75.8578523!16s%2Fg%2F11wfhcb3l0?authuser=0&hl=en&entry=ttu&g_ep=EgoyMDI2MDYyOS4wIKXMDSoASAFQAw%3D%3D",https://lh3.googleusercontent.com/gps-cs-s/APNQkAFfhToC2Cxq8PkGULs5t54MCwr0MrwyMUJeGC9MGul5h2I_mmvhRumCbIYH0WZeSJfwkJvIh3CTVc10XyK4dMDof-7TmICqu9Miwy1vrcKwCnpkuVzUJffyLXwsmEuA7VG_p6Cp3oKW9vw=w1024-h768-k-no,
Steel Home - The Furniture Shop/Store near me |Home Furniture|Office Furniture|Furniture Manufacturer in Indore,"2nd Floor, 37, Hemilton Rd, near Kishanpura Bridge, nearby Paliwal Dharamshala, Tilak Path, Indore, Madhya Pradesh 452002",instagram.com,https://instagram.com,079997 95590,Home Decor,Indore,431.0,4.8,,,https://www.google.com/maps/place/Steel+Home+-+The+Furniture+Shop%2FStore+near+me+%7CHome+Furniture%7COffice+Furniture%7CFurniture+Manufacturer+in+Indore/data=!4m7!3m6!1s0x3962fd3b636e8057:0x9e381e206e21718d!8m2!3d22.721882!4d75.8576716!16s%2Fg%2F11s8z9d09_!19sChIJV4BuYzv9YjkRjXEhbiAeOJ4?authuser=0&hl=en&rclk=1,https://lh3.googleusercontent.com/gps-cs-s/APNQkAG7_U_FCMErbU8v9CfupM9mwxiYiLRPmqJCaR6lB7lnDY0kI-BkvNEYApTHiNxdwXLqDWNBLBgRGDlRTPCS5Th_Gtv3GQQrI3q4gxXAQJrd3-9nldhLj4FYpcbIsEXmEpgoi9HKwA=w1024-h768-k-no,
Nishant trading company,"B 40, Paththar Godown Rd, near railway station, New Siyaganj, Indore, Madhya Pradesh 452007",,,094250 54522,Home Decor,Indore,44.0,4.5,22.7234217,75.867006,"https://www.google.com/maps/place/Nishant+trading+company/@22.7234217,75.867006,17z/data=!3m1!4b1!4m6!3m5!1s0x396302abbb6fb2cd:0x9df63474477b288d!8m2!3d22.7234217!4d75.867006!16s%2Fg%2F11bztcflrh?authuser=0&hl=en&entry=ttu&g_ep=EgoyMDI2MDYyOS4wIKXMDSoASAFQAw%3D%3D",https://lh3.googleusercontent.com/gps-cs-s/APNQkAHPnkhLPuewp8Z6BNLk9aFaxYvqim9yYVv_dvPLsyzwDHwiK8tXiLIY07X1IgCTeE03QjHR7gt3jw4GSk1WjV-Vwqrl_rlEpW8blSg1fId5qBn6ZnEOA2KOYuQgLPbD3Ja_pBKUwg=w1024-h768-k-no,
Gatepe,"Silver Mall, GatePe, 204- Block A, RNT Marg, Indore, Madhya Pradesh 452001",gatepe.com,https://gatepe.com,096441 54054,Home Decor,Indore,47.0,4.3,22.7163948,75.8736659,"https://www.google.com/maps/place/Gatepe/@22.7163948,75.8736659,17z/data=!3m1!4b1!4m6!3m5!1s0x3962fd31d002c5bb:0x544b30a848352d25!8m2!3d22.7163948!4d75.8736659!16s%2Fg%2F11c57yjkzr?authuser=0&hl=en&entry=ttu&g_ep=EgoyMDI2MDYyOS4wIKXMDSoASAFQAw%3D%3D",https://lh3.googleusercontent.com/gps-cs-s/APNQkAGz2byGqe86Mqc_ZZxf5d-EpnmjRzwTIUDX7j0U8kvOhT8huOr1ikouYT_viqhmBKRdVClnPUF5KK94vbkcIN6OU9jJ8lzJjftsaxgLNXSxwPOUkxI6e7ZXKmQSFLoZDOJ-l6CqkA=w1024-h768-k-no,
The Decor Showroom,"4, Bhawarkua Main Rd, near Anand Hospital, Sindhu Nagar, Khatiwala Tank, Indore, Madhya Pradesh 452014",thedecorshowroom.com,https://thedecorshowroom.com,062680 20508,Home Decor,Indore,45.0,4.6,,,https://www.google.com/maps/place/The+Decor+Showroom/data=!4m7!3m6!1s0x3962fd32d88a0197:0xa4520d79938d886b!8m2!3d22.7028479!4d75.861746!16s%2Fg%2F11s7b0tsn0!19sChIJlwGK2DL9YjkRa4iNk3kNUqQ?authuser=0&hl=en&rclk=1,https://lh3.googleusercontent.com/gps-cs-s/APNQkAG6m0LI4y7c6USYenEh88EbsaQGCXCFOoFMW7d-Z_MJpl2uFN_CUrixjmO3HJdL4VpFtfplmuNFkClCHkifpta9iJsJFQZBgA8aSWA92yGl_o48VHP6d9LFqKoLVDGaBL-lOE2vGQ=w1024-h768-k-no,
Rathore foam and furnishing,"20, Sanjay Setu Rd, South Toda, Indore, Madhya Pradesh 452007",,,088199 66187,Home Decor,Indore,237.0,5.0,,,https://www.google.com/maps/place/Rathore+foam+and+furnishing/data=!4m7!3m6!1s0x3962fd096c2330f9:0xf62630bdacc1378e!8m2!3d22.7180051!4d75.8596035!16s%2Fg%2F11bzsrf9p5!19sChIJ-TAjbAn9YjkRjjfBrL0wJvY?authuser=0&hl=en&rclk=1,https://lh3.googleusercontent.com/gps-cs-s/APNQkAEhFDdhsNCaJXN1KZ7sIFaWMMazR2dsbGEcyDWB9YmXLfPXXmCqOmZnG1c5M1mvWlGeHkTNEUoxqfrxEs_qsxaAtmkFmvTrYJ_r-gWcOGMlVBfdJEmUxl5-83-jNE0C3WOMzvKZCg=w1024-h768-k-no,
Babaji Lights,"Poddar Plaza, 4, behind Gk Divine, New Siyaganj, Indore, Madhya Pradesh 452003",,,091790 00111,Home Decor,Indore,212.0,4.2,,,https://www.google.com/maps/place/Babaji+Lights/data=!4m7!3m6!1s0x3962fd12e78190b3:0x9d33b30f051629ef!8m2!3d22.7230733!4d75.8670126!16s%2Fg%2F1q64rt_v6!19sChIJs5CB5xL9YjkR7ykWBQ-zM50?authuser=0&hl=en&rclk=1,https://lh3.googleusercontent.com/gps-cs-s/APNQkAEYXc1yuo5eMZ06sAEyP-ipm_x-UleugIDLUyaogWaztQ5x5iTY5fqmuidLkXBwE5bv6XTUvjABVwfIsZMR_TIkAs1kYltv4_HOogNUK_Ol9QjDGHMfcMaOp2OkNfhpPMKBs_stcT9kV-6h=w1024-h768-k-no,
Ahmedabad Novelty Store ( Bedsheet store),"shop no 18, Phadnis Complex, 88, Mahatma Gandhi Rd, near jailroad, Khatipura, Indore, Madhya Pradesh 452007",,,098930 56956,Home Decor,Indore,281.0,5.0,,,https://www.google.com/maps/place/Ahmedabad+Novelty+Store+%28+Bedsheet+store%29/data=!4m7!3m6!1s0x3962fd3f2a94b80d:0x55b7e89a77868d98!8m2!3d22.7198816!4d75.8617948!16s%2Fg%2F1vnrjf1m!19sChIJDbiUKj_9YjkRmI2Gd5rot1U?authuser=0&hl=en&rclk=1,https://lh3.googleusercontent.com/gps-cs-s/APNQkAHpXZR9i7DbFKqH8k1ywmCAOT0MTUPgevxr8slGM7aXe2RFWxhQ9rL4IawFKi2LqRyo1edTsh-dkfahRX9o7uvKdzul3ZoaQnyq7Ur7lWbIitlJc28OdoWEU1oEMzk1_XmxbVN3=w1024-h768-k-no,
Welcome furniture,"23/3, Jawahar Marg, Champa Bagh, Indore, Madhya Pradesh 452007",,,0731 425 8520,Home Decor,Indore,26.0,4.3,22.7160202,75.8636229,"https://www.google.com/maps/place/Welcome+furniture/@22.7160202,75.8636229,17z/data=!3m1!4b1!4m6!3m5!1s0x3962fd607d9ef865:0xa9419f28731eb330!8m2!3d22.7160202!4d75.8636229!16s%2Fg%2F11h64893hg?authuser=0&hl=en&entry=ttu&g_ep=EgoyMDI2MDYyOS4wIKXMDSoASAFQAw%3D%3D",https://lh3.googleusercontent.com/gps-cs-s/APNQkAH555uhQGsyPUYo_Qb_rCvw2jJEcreuZXPJk56HV0k-cEJqmtKThkr_5bs7lbkGInECDvUjoB7TwYrSP9BEejTpB16RywigMqLGVqiKFe3HI1KYcx9wsd5bUwtjd6s2UdqjEB4N=w1024-h768-k-no,
Royal Home Decor & Wallpapers,"Jawahar Marg, Daulatganj, Indore, Madhya Pradesh 452001",,,,Home Decor,Indore,,,22.7161708,75.8628178,"https://www.google.com/maps/place/Royal+Home+Decor+%26+Wallpapers/@22.7161708,75.8628178,17z/data=!3m1!4b1!4m6!3m5!1s0x3962fdbc82aa2f1b:0x7a51a67fef63b9ac!8m2!3d22.7161708!4d75.8628178!16s%2Fg%2F11zblly0tx?authuser=0&hl=en&entry=ttu&g_ep=EgoyMDI2MDYyOS4wIKXMDSoASAFQAw%3D%3D",https://streetviewpixels-pa.googleapis.com/v1/thumbnail?panoid=rvGOCthvg0bqHQlXWGsM7Q&cb_client=search.gws-prod.gps&w=408&h=240&yaw=190.97552&pitch=0&thumbfov=100,
Indore lighting,"146, 146, Maharani Rd, opp. gujrati grils college, Siyaganj, Indore, Madhya Pradesh 452007",,,098260 51755,Home Decor,Indore,114.0,3.6,22.7182449,75.8666176,"https://www.google.com/maps/place/Indore+lighting/@22.7182449,75.8666176,17z/data=!3m1!4b1!4m6!3m5!1s0x3962fd118b03a603:0x64ee192cf99d1d6c!8m2!3d22.7182449!4d75.8666176!16s%2Fg%2F11bzt46c2p?authuser=0&hl=en&entry=ttu&g_ep=EgoyMDI2MDYyOS4wIKXMDSoASAFQAw%3D%3D",https://lh3.googleusercontent.com/gps-cs-s/APNQkAFDRetqMxPvGOCliNYAnOWVD9uYZIj-ZIU8uB2vgJWE1F5JnnM5pFym_CHbOC0GdKMIwHR2ERA8fRJkivJpmsTsCFv_L4Q7UHem0q-y-UF2VOt1a7QKwJhScEM1Ddlo1oGHrnti3VW-xvKq=w1024-h768-k-no,
Saifee Carpets,"346, Jawahar Marg, Siyaganj, Indore, Madhya Pradesh 452007",,,098262 99852,Home Decor,Indore,114.0,4.7,,,https://www.google.com/maps/place/Saifee+Carpets/data=!4m7!3m6!1s0x3962fd09e6aaa18f:0x51fea30240257af2!8m2!3d22.7163768!4d75.8620325!16s%2Fg%2F1tlzykxb!19sChIJj6Gq5gn9YjkR8nolQAKj_lE?authuser=0&hl=en&rclk=1,https://lh3.googleusercontent.com/gps-cs-s/APNQkAHWs7modQmJyQKw1gNIX7xhP-3bbtvO6KApTKl5tOjrLePTZbj9PuBdL1QDsmbT-mAgaa03gAtiS6jYr2L5vdRsEh11sMY0D8ZEpnWOK6nSISOsNoPtZhnG0w_VqxkDmL8T5sAX=w1024-h768-k-no,
